graph_seed,config,reward_variant,step_index,removed_fraction,g_fixed_at_step,g_stop,beats_stop_at_step
0,RL baseline (sec=1.0 util=1.0 cost=0.1),incremental,0,0.0505050505050505,0.1277312179916175,0.0,True
0,RL baseline (sec=1.0 util=1.0 cost=0.1),incremental,1,0.101010101010101,1.2506936331678773,0.0,True
0,RL baseline (sec=1.0 util=1.0 cost=0.1),incremental,2,0.1515151515151515,1.900031926737459,0.0,True
0,RL baseline (sec=1.0 util=1.0 cost=0.1),incremental,3,0.2008978675645342,2.591149668027071,0.0,True
0,RL baseline (sec=1.0 util=1.0 cost=0.1),incremental,4,0.2514029180695847,3.707682219214221,0.0,True
0,RL baseline (sec=1.0 util=1.0 cost=0.1),incremental,5,0.3019079685746352,4.531107633646706,0.0,True
0,RL baseline (sec=1.0 util=1.0 cost=0.1),incremental,6,0.3524130190796857,5.671165748296114,0.0,True
0,RL baseline (sec=1.0 util=1.0 cost=0.1),incremental,7,0.39955106621773284,6.449849159223748,0.0,True
0,RL baseline (sec=1.0 util=1.0 cost=0.1),incremental,8,0.45005611672278334,7.228600106060617,0.0,True
0,RL baseline (sec=1.0 util=1.0 cost=0.1),incremental,9,0.5005611672278338,8.29994017661986,0.0,True
0,RL baseline (sec=1.0 util=1.0 cost=0.1),terminal,0,0.0505050505050505,0.0,0.0,False
0,RL baseline (sec=1.0 util=1.0 cost=0.1),terminal,1,0.101010101010101,0.0,0.0,False
0,RL baseline (sec=1.0 util=1.0 cost=0.1),terminal,2,0.1515151515151515,0.0,0.0,False
0,RL baseline (sec=1.0 util=1.0 cost=0.1),terminal,3,0.2008978675645342,0.0,0.0,False
0,RL baseline (sec=1.0 util=1.0 cost=0.1),terminal,4,0.2514029180695847,0.0,0.0,False
0,RL baseline (sec=1.0 util=1.0 cost=0.1),terminal,5,0.3019079685746352,0.0,0.0,False
0,RL baseline (sec=1.0 util=1.0 cost=0.1),terminal,6,0.3524130190796857,0.0,0.0,False
0,RL baseline (sec=1.0 util=1.0 cost=0.1),terminal,7,0.39955106621773284,0.0,0.0,False
0,RL baseline (sec=1.0 util=1.0 cost=0.1),terminal,8,0.45005611672278334,0.0,0.0,False
0,RL baseline (sec=1.0 util=1.0 cost=0.1),terminal,9,0.5005611672278338,1.0713400705592424,0.0,True
0,RL high-security (sec=3.0 util=1.0 cost=0.1),incremental,0,0.0505050505050505,-1.6067053359241374,-2.0,True
0,RL high-security (sec=3.0 util=1.0 cost=0.1),incremental,1,0.101010101010101,-2.0186261712034383,-2.0,False
0,RL high-security (sec=3.0 util=1.0 cost=0.1),incremental,2,0.1515151515151515,-2.7507628056462083,-2.0,False
0,RL high-security (sec=3.0 util=1.0 cost=0.1),incremental,3,0.2008978675645342,-3.215085619936743,-2.0,False
0,RL high-security (sec=3.0 util=1.0 cost=0.1),incremental,4,0.2514029180695847,-3.0825591167681092,-2.0,False
0,RL high-security (sec=3.0 util=1.0 cost=0.1),incremental,5,0.3019079685746352,-2.8869035597781734,-2.0,False
0,RL high-security (sec=3.0 util=1.0 cost=0.1),incremental,6,0.3524130190796857,-2.355285587834719,-2.0,False
0,RL high-security (sec=3.0 util=1.0 cost=0.1),incremental,7,0.39955106621773284,-2.058442961086293,-2.0,False
0,RL high-security (sec=3.0 util=1.0 cost=0.1),incremental,8,0.45005611672278334,-1.6527361298307712,-2.0,True
0,RL high-security (sec=3.0 util=1.0 cost=0.1),incremental,9,0.5005611672278338,-0.8966178810162,-2.0,True
0,RL high-security (sec=3.0 util=1.0 cost=0.1),terminal,0,0.0505050505050505,0.0,-2.0,True
0,RL high-security (sec=3.0 util=1.0 cost=0.1),terminal,1,0.101010101010101,0.0,-2.0,True
0,RL high-security (sec=3.0 util=1.0 cost=0.1),terminal,2,0.1515151515151515,0.0,-2.0,True
0,RL high-security (sec=3.0 util=1.0 cost=0.1),terminal,3,0.2008978675645342,0.0,-2.0,True
0,RL high-security (sec=3.0 util=1.0 cost=0.1),terminal,4,0.2514029180695847,0.0,-2.0,True
0,RL high-security (sec=3.0 util=1.0 cost=0.1),terminal,5,0.3019079685746352,0.0,-2.0,True
0,RL high-security (sec=3.0 util=1.0 cost=0.1),terminal,6,0.3524130190796857,0.0,-2.0,True
0,RL high-security (sec=3.0 util=1.0 cost=0.1),terminal,7,0.39955106621773284,0.0,-2.0,True
0,RL high-security (sec=3.0 util=1.0 cost=0.1),terminal,8,0.45005611672278334,0.0,-2.0,True
0,RL high-security (sec=3.0 util=1.0 cost=0.1),terminal,9,0.5005611672278338,0.7561182488145712,-2.0,True
0,RL very-high-security (sec=10.0 util=1.0 cost=0.1),incremental,0,0.0505050505050505,-7.67723327462928,-9.0,True
0,RL very-high-security (sec=10.0 util=1.0 cost=0.1),incremental,1,0.101010101010101,-13.461245486503042,-9.0,False
0,RL very-high-security (sec=10.0 util=1.0 cost=0.1),incremental,2,0.1515151515151515,-19.028544368989046,-9.0,False
0,RL very-high-security (sec=10.0 util=1.0 cost=0.1),incremental,3,0.2008978675645342,-23.536909127810095,-9.0,False
0,RL very-high-security (sec=10.0 util=1.0 cost=0.1),incremental,4,0.2514029180695847,-26.848403792706268,-9.0,False
0,RL very-high-security (sec=10.0 util=1.0 cost=0.1),incremental,5,0.3019079685746352,-28.849942736765254,-9.0,False
0,RL very-high-security (sec=10.0 util=1.0 cost=0.1),incremental,6,0.3524130190796857,-30.447865264292638,-9.0,False
0,RL very-high-security (sec=10.0 util=1.0 cost=0.1),incremental,7,0.39955106621773284,-31.83746538217144,-9.0,False
0,RL very-high-security (sec=10.0 util=1.0 cost=0.1),incremental,8,0.45005611672278334,-32.73741295545064,-9.0,False
0,RL very-high-security (sec=10.0 util=1.0 cost=0.1),incremental,9,0.5005611672278338,-33.084571082742414,-9.0,False
0,RL very-high-security (sec=10.0 util=1.0 cost=0.1),terminal,0,0.0505050505050505,0.0,-9.0,True
0,RL very-high-security (sec=10.0 util=1.0 cost=0.1),terminal,1,0.101010101010101,0.0,-9.0,True
0,RL very-high-security (sec=10.0 util=1.0 cost=0.1),terminal,2,0.1515151515151515,0.0,-9.0,True
0,RL very-high-security (sec=10.0 util=1.0 cost=0.1),terminal,3,0.2008978675645342,0.0,-9.0,True
0,RL very-high-security (sec=10.0 util=1.0 cost=0.1),terminal,4,0.2514029180695847,0.0,-9.0,True
0,RL very-high-security (sec=10.0 util=1.0 cost=0.1),terminal,5,0.3019079685746352,0.0,-9.0,True
0,RL very-high-security (sec=10.0 util=1.0 cost=0.1),terminal,6,0.3524130190796857,0.0,-9.0,True
0,RL very-high-security (sec=10.0 util=1.0 cost=0.1),terminal,7,0.39955106621773284,0.0,-9.0,True
0,RL very-high-security (sec=10.0 util=1.0 cost=0.1),terminal,8,0.45005611672278334,0.0,-9.0,True
0,RL very-high-security (sec=10.0 util=1.0 cost=0.1),terminal,9,0.5005611672278338,-0.3471581272917775,-9.0,True
0,RL security-only (sec=1.0 util=0.0 cost=0.1),incremental,0,0.0505050505050505,-0.8722687820083825,-1.0,True
0,RL security-only (sec=1.0 util=0.0 cost=0.1),incremental,1,0.101010101010101,-1.6493063668321224,-1.0,False
0,RL security-only (sec=1.0 util=0.0 cost=0.1),incremental,2,0.1515151515151515,-2.3537180732625407,-1.0,False
0,RL security-only (sec=1.0 util=0.0 cost=0.1),incremental,3,0.2008978675645342,-2.9486628319729284,-1.0,False
0,RL security-only (sec=1.0 util=0.0 cost=0.1),incremental,4,0.2514029180695847,-3.461142780785778,-1.0,False
0,RL security-only (sec=1.0 util=0.0 cost=0.1),incremental,5,0.3019079685746352,-3.7983887726032926,-1.0,False
0,RL security-only (sec=1.0 util=0.0 cost=0.1),incremental,6,0.3524130190796857,-4.128514439203885,-1.0,False
0,RL security-only (sec=1.0 util=0.0 cost=0.1),incremental,7,0.39955106621773284,-4.397336972416875,-1.0,False
0,RL security-only (sec=1.0 util=0.0 cost=0.1),incremental,8,0.45005611672278334,-4.6137166725136,-1.0,False
0,RL security-only (sec=1.0 util=0.0 cost=0.1),incremental,9,0.5005611672278338,-4.802875421403575,-1.0,False
0,RL security-only (sec=1.0 util=0.0 cost=0.1),terminal,0,0.0505050505050505,0.0,-1.0,True
0,RL security-only (sec=1.0 util=0.0 cost=0.1),terminal,1,0.101010101010101,0.0,-1.0,True
0,RL security-only (sec=1.0 util=0.0 cost=0.1),terminal,2,0.1515151515151515,0.0,-1.0,True
0,RL security-only (sec=1.0 util=0.0 cost=0.1),terminal,3,0.2008978675645342,0.0,-1.0,True
0,RL security-only (sec=1.0 util=0.0 cost=0.1),terminal,4,0.2514029180695847,0.0,-1.0,True
0,RL security-only (sec=1.0 util=0.0 cost=0.1),terminal,5,0.3019079685746352,0.0,-1.0,True
0,RL security-only (sec=1.0 util=0.0 cost=0.1),terminal,6,0.3524130190796857,0.0,-1.0,True
0,RL security-only (sec=1.0 util=0.0 cost=0.1),terminal,7,0.39955106621773284,0.0,-1.0,True
0,RL security-only (sec=1.0 util=0.0 cost=0.1),terminal,8,0.45005611672278334,0.0,-1.0,True
0,RL security-only (sec=1.0 util=0.0 cost=0.1),terminal,9,0.5005611672278338,-0.1891587488899759,-1.0,True
1,RL baseline (sec=1.0 util=1.0 cost=0.1),incremental,0,0.0505050505050505,0.08888337102120605,0.0,True
1,RL baseline (sec=1.0 util=1.0 cost=0.1),incremental,1,0.101010101010101,0.2789443437854018,0.0,True
1,RL baseline (sec=1.0 util=1.0 cost=0.1),incremental,2,0.1515151515151515,0.4886466526213801,0.0,True
1,RL baseline (sec=1.0 util=1.0 cost=0.1),incremental,3,0.2008978675645342,0.7701867058678478,0.0,True
1,RL baseline (sec=1.0 util=1.0 cost=0.1),incremental,4,0.2514029180695847,0.9413473039058573,0.0,True
1,RL baseline (sec=1.0 util=1.0 cost=0.1),incremental,5,0.3019079685746352,1.3560795623162851,0.0,True
1,RL baseline (sec=1.0 util=1.0 cost=0.1),incremental,6,0.3524130190796857,1.630735484115815,0.0,True
1,RL baseline (sec=1.0 util=1.0 cost=0.1),incremental,7,0.39955106621773284,2.086646544221128,0.0,True
1,RL baseline (sec=1.0 util=1.0 cost=0.1),incremental,8,0.45005611672278334,2.400858919810444,0.0,True
1,RL baseline (sec=1.0 util=1.0 cost=0.1),incremental,9,0.5005611672278338,2.720100669229008,0.0,True
1,RL baseline (sec=1.0 util=1.0 cost=0.1),terminal,0,0.0505050505050505,0.0,0.0,False
1,RL baseline (sec=1.0 util=1.0 cost=0.1),terminal,1,0.101010101010101,0.0,0.0,False
1,RL baseline (sec=1.0 util=1.0 cost=0.1),terminal,2,0.1515151515151515,0.0,0.0,False
1,RL baseline (sec=1.0 util=1.0 cost=0.1),terminal,3,0.2008978675645342,0.0,0.0,False
1,RL baseline (sec=1.0 util=1.0 cost=0.1),terminal,4,0.2514029180695847,0.0,0.0,False
1,RL baseline (sec=1.0 util=1.0 cost=0.1),terminal,5,0.3019079685746352,0.0,0.0,False
1,RL baseline (sec=1.0 util=1.0 cost=0.1),terminal,6,0.3524130190796857,0.0,0.0,False
1,RL baseline (sec=1.0 util=1.0 cost=0.1),terminal,7,0.39955106621773284,0.0,0.0,False
1,RL baseline (sec=1.0 util=1.0 cost=0.1),terminal,8,0.45005611672278334,0.0,0.0,False
1,RL baseline (sec=1.0 util=1.0 cost=0.1),terminal,9,0.5005611672278338,0.3192417494185638,0.0,True
1,RL high-security (sec=3.0 util=1.0 cost=0.1),incremental,0,0.0505050505050505,-1.7232488768353715,-2.0,True
1,RL high-security (sec=3.0 util=1.0 cost=0.1),incremental,1,0.101010101010101,-3.0338740393508647,-2.0,False
1,RL high-security (sec=3.0 util=1.0 cost=0.1),incremental,2,0.1515151515151515,-4.182418627994445,-2.0,False
1,RL high-security (sec=3.0 util=1.0 cost=0.1),incremental,3,0.2008978675645342,-5.018099506414413,-2.0,False
1,RL high-security (sec=3.0 util=1.0 cost=0.1),incremental,4,0.2514029180695847,-5.685423237693201,-2.0,False
1,RL high-security (sec=3.0 util=1.0 cost=0.1),incremental,5,0.3019079685746352,-5.942066211269437,-2.0,False
1,RL high-security (sec=3.0 util=1.0 cost=0.1),incremental,6,0.3524130190796857,-6.168925091313118,-2.0,False
1,RL high-security (sec=3.0 util=1.0 cost=0.1),incremental,7,0.39955106621773284,-6.1420622209379045,-2.0,False
1,RL high-security (sec=3.0 util=1.0 cost=0.1),incremental,8,0.45005611672278334,-6.134840456491448,-2.0,False
1,RL high-security (sec=3.0 util=1.0 cost=0.1),incremental,9,0.5005611672278338,-6.059393646787389,-2.0,False
1,RL high-security (sec=3.0 util=1.0 cost=0.1),terminal,0,0.0505050505050505,0.0,-2.0,True
1,RL high-security (sec=3.0 util=1.0 cost=0.1),terminal,1,0.101010101010101,0.0,-2.0,True
1,RL high-security (sec=3.0 util=1.0 cost=0.1),terminal,2,0.1515151515151515,0.0,-2.0,True
1,RL high-security (sec=3.0 util=1.0 cost=0.1),terminal,3,0.2008978675645342,0.0,-2.0,True
1,RL high-security (sec=3.0 util=1.0 cost=0.1),terminal,4,0.2514029180695847,0.0,-2.0,True
1,RL high-security (sec=3.0 util=1.0 cost=0.1),terminal,5,0.3019079685746352,0.0,-2.0,True
1,RL high-security (sec=3.0 util=1.0 cost=0.1),terminal,6,0.3524130190796857,0.0,-2.0,True
1,RL high-security (sec=3.0 util=1.0 cost=0.1),terminal,7,0.39955106621773284,0.0,-2.0,True
1,RL high-security (sec=3.0 util=1.0 cost=0.1),terminal,8,0.45005611672278334,0.0,-2.0,True
1,RL high-security (sec=3.0 util=1.0 cost=0.1),terminal,9,0.5005611672278338,0.07544680970405857,-2.0,True
1,RL very-high-security (sec=10.0 util=1.0 cost=0.1),incremental,0,0.0505050505050505,-8.065711744333393,-9.0,True
1,RL very-high-security (sec=10.0 util=1.0 cost=0.1),incremental,1,0.101010101010101,-14.6287383803278,-9.0,False
1,RL very-high-security (sec=10.0 util=1.0 cost=0.1),incremental,2,0.1515151515151515,-20.531147110149835,-9.0,False
1,RL very-high-security (sec=10.0 util=1.0 cost=0.1),incremental,3,0.2008978675645342,-25.277101249402328,-9.0,False
1,RL very-high-security (sec=10.0 util=1.0 cost=0.1),incremental,4,0.2514029180695847,-28.87912013328991,-9.0,False
1,RL very-high-security (sec=10.0 util=1.0 cost=0.1),incremental,5,0.3019079685746352,-31.485576418819466,-9.0,False
1,RL very-high-security (sec=10.0 util=1.0 cost=0.1),incremental,6,0.3524130190796857,-33.467737105314384,-9.0,False
1,RL very-high-security (sec=10.0 util=1.0 cost=0.1),incremental,7,0.39955106621773284,-34.942542898994525,-9.0,False
1,RL very-high-security (sec=10.0 util=1.0 cost=0.1),incremental,8,0.45005611672278334,-36.009788273548075,-9.0,False
1,RL very-high-security (sec=10.0 util=1.0 cost=0.1),incremental,9,0.5005611672278338,-36.78762375284479,-9.0,False
1,RL very-high-security (sec=10.0 util=1.0 cost=0.1),terminal,0,0.0505050505050505,0.0,-9.0,True
1,RL very-high-security (sec=10.0 util=1.0 cost=0.1),terminal,1,0.101010101010101,0.0,-9.0,True
1,RL very-high-security (sec=10.0 util=1.0 cost=0.1),terminal,2,0.1515151515151515,0.0,-9.0,True
1,RL very-high-security (sec=10.0 util=1.0 cost=0.1),terminal,3,0.2008978675645342,0.0,-9.0,True
1,RL very-high-security (sec=10.0 util=1.0 cost=0.1),terminal,4,0.2514029180695847,0.0,-9.0,True
1,RL very-high-security (sec=10.0 util=1.0 cost=0.1),terminal,5,0.3019079685746352,0.0,-9.0,True
1,RL very-high-security (sec=10.0 util=1.0 cost=0.1),terminal,6,0.3524130190796857,0.0,-9.0,True
1,RL very-high-security (sec=10.0 util=1.0 cost=0.1),terminal,7,0.39955106621773284,0.0,-9.0,True
1,RL very-high-security (sec=10.0 util=1.0 cost=0.1),terminal,8,0.45005611672278334,0.0,-9.0,True
1,RL very-high-security (sec=10.0 util=1.0 cost=0.1),terminal,9,0.5005611672278338,-0.7778354792967096,-9.0,True
1,RL security-only (sec=1.0 util=0.0 cost=0.1),incremental,0,0.0505050505050505,-0.911116628978794,-1.0,True
1,RL security-only (sec=1.0 util=0.0 cost=0.1),incremental,1,0.101010101010101,-1.6710556562145982,-1.0,False
1,RL security-only (sec=1.0 util=0.0 cost=0.1),incremental,2,0.1515151515151515,-2.36385334737862,-1.0,False
1,RL security-only (sec=1.0 util=0.0 cost=0.1),incremental,3,0.2008978675645342,-2.939688294132152,-1.0,False
1,RL security-only (sec=1.0 util=0.0 cost=0.1),incremental,4,0.2514029180695847,-3.3794073835941423,-1.0,False
1,RL security-only (sec=1.0 util=0.0 cost=0.1),incremental,5,0.3019079685746352,-3.738456062683714,-1.0,False
1,RL security-only (sec=1.0 util=0.0 cost=0.1),incremental,6,0.3524130190796857,-4.015119058852934,-1.0,False
1,RL security-only (sec=1.0 util=0.0 cost=0.1),incremental,7,0.39955106621773284,-4.257545294841371,-1.0,False
1,RL security-only (sec=1.0 util=0.0 cost=0.1),incremental,8,0.45005611672278334,-4.440898242718852,-1.0,False
1,RL security-only (sec=1.0 util=0.0 cost=0.1),incremental,9,0.5005611672278338,-4.594343550593745,-1.0,False
1,RL security-only (sec=1.0 util=0.0 cost=0.1),terminal,0,0.0505050505050505,0.0,-1.0,True
1,RL security-only (sec=1.0 util=0.0 cost=0.1),terminal,1,0.101010101010101,0.0,-1.0,True
1,RL security-only (sec=1.0 util=0.0 cost=0.1),terminal,2,0.1515151515151515,0.0,-1.0,True
1,RL security-only (sec=1.0 util=0.0 cost=0.1),terminal,3,0.2008978675645342,0.0,-1.0,True
1,RL security-only (sec=1.0 util=0.0 cost=0.1),terminal,4,0.2514029180695847,0.0,-1.0,True
1,RL security-only (sec=1.0 util=0.0 cost=0.1),terminal,5,0.3019079685746352,0.0,-1.0,True
1,RL security-only (sec=1.0 util=0.0 cost=0.1),terminal,6,0.3524130190796857,0.0,-1.0,True
1,RL security-only (sec=1.0 util=0.0 cost=0.1),terminal,7,0.39955106621773284,0.0,-1.0,True
1,RL security-only (sec=1.0 util=0.0 cost=0.1),terminal,8,0.45005611672278334,0.0,-1.0,True
1,RL security-only (sec=1.0 util=0.0 cost=0.1),terminal,9,0.5005611672278338,-0.15344530787489297,-1.0,True
2,RL baseline (sec=1.0 util=1.0 cost=0.1),incremental,0,0.0505050505050505,0.32233845360381824,0.0,True
2,RL baseline (sec=1.0 util=1.0 cost=0.1),incremental,1,0.101010101010101,0.11929561088769103,0.0,True
2,RL baseline (sec=1.0 util=1.0 cost=0.1),incremental,2,0.1515151515151515,0.23898719649796413,0.0,True
2,RL baseline (sec=1.0 util=1.0 cost=0.1),incremental,3,0.2008978675645342,0.48980154588491326,0.0,True
2,RL baseline (sec=1.0 util=1.0 cost=0.1),incremental,4,0.2514029180695847,0.7873843772094702,0.0,True
2,RL baseline (sec=1.0 util=1.0 cost=0.1),incremental,5,0.3019079685746352,1.1066032227835492,0.0,True
2,RL baseline (sec=1.0 util=1.0 cost=0.1),incremental,6,0.3524130190796857,1.7892457825187877,0.0,True
2,RL baseline (sec=1.0 util=1.0 cost=0.1),incremental,7,0.39955106621773284,2.442609911704243,0.0,True
2,RL baseline (sec=1.0 util=1.0 cost=0.1),incremental,8,0.45005611672278334,3.417849448986618,0.0,True
2,RL baseline (sec=1.0 util=1.0 cost=0.1),incremental,9,0.5005611672278338,4.357662941150436,0.0,True
2,RL baseline (sec=1.0 util=1.0 cost=0.1),terminal,0,0.0505050505050505,0.0,0.0,False
2,RL baseline (sec=1.0 util=1.0 cost=0.1),terminal,1,0.101010101010101,0.0,0.0,False
2,RL baseline (sec=1.0 util=1.0 cost=0.1),terminal,2,0.1515151515151515,0.0,0.0,False
2,RL baseline (sec=1.0 util=1.0 cost=0.1),terminal,3,0.2008978675645342,0.0,0.0,False
2,RL baseline (sec=1.0 util=1.0 cost=0.1),terminal,4,0.2514029180695847,0.0,0.0,False
2,RL baseline (sec=1.0 util=1.0 cost=0.1),terminal,5,0.3019079685746352,0.0,0.0,False
2,RL baseline (sec=1.0 util=1.0 cost=0.1),terminal,6,0.3524130190796857,0.0,0.0,False
2,RL baseline (sec=1.0 util=1.0 cost=0.1),terminal,7,0.39955106621773284,0.0,0.0,False
2,RL baseline (sec=1.0 util=1.0 cost=0.1),terminal,8,0.45005611672278334,0.0,0.0,False
2,RL baseline (sec=1.0 util=1.0 cost=0.1),terminal,9,0.5005611672278338,0.9398134921638184,0.0,True
2,RL high-security (sec=3.0 util=1.0 cost=0.1),incremental,0,0.0505050505050505,-1.522883629087535,-2.0,True
2,RL high-security (sec=3.0 util=1.0 cost=0.1),incremental,1,0.101010101010101,-3.0628202380439973,-2.0,False
2,RL high-security (sec=3.0 util=1.0 cost=0.1),incremental,2,0.1515151515151515,-4.030146996364693,-2.0,False
2,RL high-security (sec=3.0 util=1.0 cost=0.1),incremental,3,0.2008978675645342,-4.529317486363217,-2.0,False
2,RL high-security (sec=3.0 util=1.0 cost=0.1),incremental,4,0.2514029180695847,-4.817374517782363,-2.0,False
2,RL high-security (sec=3.0 util=1.0 cost=0.1),incremental,5,0.3019079685746352,-4.973667261117646,-2.0,False
2,RL high-security (sec=3.0 util=1.0 cost=0.1),incremental,6,0.3524130190796857,-4.711658117979199,-2.0,False
2,RL high-security (sec=3.0 util=1.0 cost=0.1),incremental,7,0.39955106621773284,-4.441604688410434,-2.0,False
2,RL high-security (sec=3.0 util=1.0 cost=0.1),incremental,8,0.45005611672278334,-3.7781423014629243,-2.0,False
2,RL high-security (sec=3.0 util=1.0 cost=0.1),incremental,9,0.5005611672278338,-3.1014790829723204,-2.0,False
2,RL high-security (sec=3.0 util=1.0 cost=0.1),terminal,0,0.0505050505050505,0.0,-2.0,True
2,RL high-security (sec=3.0 util=1.0 cost=0.1),terminal,1,0.101010101010101,0.0,-2.0,True
2,RL high-security (sec=3.0 util=1.0 cost=0.1),terminal,2,0.1515151515151515,0.0,-2.0,True
2,RL high-security (sec=3.0 util=1.0 cost=0.1),terminal,3,0.2008978675645342,0.0,-2.0,True
2,RL high-security (sec=3.0 util=1.0 cost=0.1),terminal,4,0.2514029180695847,0.0,-2.0,True
2,RL high-security (sec=3.0 util=1.0 cost=0.1),terminal,5,0.3019079685746352,0.0,-2.0,True
2,RL high-security (sec=3.0 util=1.0 cost=0.1),terminal,6,0.3524130190796857,0.0,-2.0,True
2,RL high-security (sec=3.0 util=1.0 cost=0.1),terminal,7,0.39955106621773284,0.0,-2.0,True
2,RL high-security (sec=3.0 util=1.0 cost=0.1),terminal,8,0.45005611672278334,0.0,-2.0,True
2,RL high-security (sec=3.0 util=1.0 cost=0.1),terminal,9,0.5005611672278338,0.676663218490604,-2.0,True
2,RL very-high-security (sec=10.0 util=1.0 cost=0.1),incremental,0,0.0505050505050505,-7.981160918507273,-9.0,True
2,RL very-high-security (sec=10.0 util=1.0 cost=0.1),incremental,1,0.101010101010101,-14.20022570930491,-9.0,False
2,RL very-high-security (sec=10.0 util=1.0 cost=0.1),incremental,2,0.1515151515151515,-18.972116671383997,-9.0,False
2,RL very-high-security (sec=10.0 util=1.0 cost=0.1),incremental,3,0.2008978675645342,-22.096234099231676,-9.0,False
2,RL very-high-security (sec=10.0 util=1.0 cost=0.1),incremental,4,0.2514029180695847,-24.434030650253785,-9.0,False
2,RL very-high-security (sec=10.0 util=1.0 cost=0.1),incremental,5,0.3019079685746352,-26.254613954771834,-9.0,False
2,RL very-high-security (sec=10.0 util=1.0 cost=0.1),incremental,6,0.3524130190796857,-27.46482176972216,-9.0,False
2,RL very-high-security (sec=10.0 util=1.0 cost=0.1),incremental,7,0.39955106621773284,-28.536355788811814,-9.0,False
2,RL very-high-security (sec=10.0 util=1.0 cost=0.1),incremental,8,0.45005611672278334,-28.96411342803633,-9.0,False
2,RL very-high-security (sec=10.0 util=1.0 cost=0.1),incremental,9,0.5005611672278338,-29.208476167401976,-9.0,False
2,RL very-high-security (sec=10.0 util=1.0 cost=0.1),terminal,0,0.0505050505050505,0.0,-9.0,True
2,RL very-high-security (sec=10.0 util=1.0 cost=0.1),terminal,1,0.101010101010101,0.0,-9.0,True
2,RL very-high-security (sec=10.0 util=1.0 cost=0.1),terminal,2,0.1515151515151515,0.0,-9.0,True
2,RL very-high-security (sec=10.0 util=1.0 cost=0.1),terminal,3,0.2008978675645342,0.0,-9.0,True
2,RL very-high-security (sec=10.0 util=1.0 cost=0.1),terminal,4,0.2514029180695847,0.0,-9.0,True
2,RL very-high-security (sec=10.0 util=1.0 cost=0.1),terminal,5,0.3019079685746352,0.0,-9.0,True
2,RL very-high-security (sec=10.0 util=1.0 cost=0.1),terminal,6,0.3524130190796857,0.0,-9.0,True
2,RL very-high-security (sec=10.0 util=1.0 cost=0.1),terminal,7,0.39955106621773284,0.0,-9.0,True
2,RL very-high-security (sec=10.0 util=1.0 cost=0.1),terminal,8,0.45005611672278334,0.0,-9.0,True
2,RL very-high-security (sec=10.0 util=1.0 cost=0.1),terminal,9,0.5005611672278338,-0.24436273936564643,-9.0,True
2,RL security-only (sec=1.0 util=0.0 cost=0.1),incremental,0,0.0505050505050505,-0.9276615463961818,-1.0,True
2,RL security-only (sec=1.0 util=0.0 cost=0.1),incremental,1,0.101010101010101,-1.6057043891123088,-1.0,False
2,RL security-only (sec=1.0 util=0.0 cost=0.1),incremental,2,0.1515151515151515,-2.162887803502036,-1.0,False
2,RL security-only (sec=1.0 util=0.0 cost=0.1),incremental,3,0.2008978675645342,-2.5551047041150867,-1.0,False
2,RL security-only (sec=1.0 util=0.0 cost=0.1),incremental,4,0.2514029180695847,-2.86840156029053,-1.0,False
2,RL security-only (sec=1.0 util=0.0 cost=0.1),incremental,5,0.3019079685746352,-3.129518417841451,-1.0,False
2,RL security-only (sec=1.0 util=0.0 cost=0.1),incremental,6,0.3524130190796857,-3.365740721387462,-1.0,False
2,RL security-only (sec=1.0 util=0.0 cost=0.1),incremental,7,0.39955106621773284,-3.585298212319194,-1.0,False
2,RL security-only (sec=1.0 util=0.0 cost=0.1),incremental,8,0.45005611672278334,-3.7710444297926777,-1.0,False
2,RL security-only (sec=1.0 util=0.0 cost=0.1),incremental,9,0.5005611672278338,-3.9341674046469253,-1.0,False
2,RL security-only (sec=1.0 util=0.0 cost=0.1),terminal,0,0.0505050505050505,0.0,-1.0,True
2,RL security-only (sec=1.0 util=0.0 cost=0.1),terminal,1,0.101010101010101,0.0,-1.0,True
2,RL security-only (sec=1.0 util=0.0 cost=0.1),terminal,2,0.1515151515151515,0.0,-1.0,True
2,RL security-only (sec=1.0 util=0.0 cost=0.1),terminal,3,0.2008978675645342,0.0,-1.0,True
2,RL security-only (sec=1.0 util=0.0 cost=0.1),terminal,4,0.2514029180695847,0.0,-1.0,True
2,RL security-only (sec=1.0 util=0.0 cost=0.1),terminal,5,0.3019079685746352,0.0,-1.0,True
2,RL security-only (sec=1.0 util=0.0 cost=0.1),terminal,6,0.3524130190796857,0.0,-1.0,True
2,RL security-only (sec=1.0 util=0.0 cost=0.1),terminal,7,0.39955106621773284,0.0,-1.0,True
2,RL security-only (sec=1.0 util=0.0 cost=0.1),terminal,8,0.45005611672278334,0.0,-1.0,True
2,RL security-only (sec=1.0 util=0.0 cost=0.1),terminal,9,0.5005611672278338,-0.16312297485424754,-1.0,True
3,RL baseline (sec=1.0 util=1.0 cost=0.1),incremental,0,0.0505050505050505,0.059813890098385815,0.0,True
3,RL baseline (sec=1.0 util=1.0 cost=0.1),incremental,1,0.101010101010101,0.30840531323001374,0.0,True
3,RL baseline (sec=1.0 util=1.0 cost=0.1),incremental,2,0.1515151515151515,0.496103387513286,0.0,True
3,RL baseline (sec=1.0 util=1.0 cost=0.1),incremental,3,0.2008978675645342,0.7468843386777652,0.0,True
3,RL baseline (sec=1.0 util=1.0 cost=0.1),incremental,4,0.2514029180695847,1.0206266531980293,0.0,True
3,RL baseline (sec=1.0 util=1.0 cost=0.1),incremental,5,0.3019079685746352,1.319024477319882,0.0,True
3,RL baseline (sec=1.0 util=1.0 cost=0.1),incremental,6,0.3524130190796857,1.8494882216905082,0.0,True
3,RL baseline (sec=1.0 util=1.0 cost=0.1),incremental,7,0.39955106621773284,2.364936027311171,0.0,True
3,RL baseline (sec=1.0 util=1.0 cost=0.1),incremental,8,0.45005611672278334,2.8551719892426553,0.0,True
3,RL baseline (sec=1.0 util=1.0 cost=0.1),incremental,9,0.5005611672278338,3.422190047994521,0.0,True
3,RL baseline (sec=1.0 util=1.0 cost=0.1),terminal,0,0.0505050505050505,0.0,0.0,False
3,RL baseline (sec=1.0 util=1.0 cost=0.1),terminal,1,0.101010101010101,0.0,0.0,False
3,RL baseline (sec=1.0 util=1.0 cost=0.1),terminal,2,0.1515151515151515,0.0,0.0,False
3,RL baseline (sec=1.0 util=1.0 cost=0.1),terminal,3,0.2008978675645342,0.0,0.0,False
3,RL baseline (sec=1.0 util=1.0 cost=0.1),terminal,4,0.2514029180695847,0.0,0.0,False
3,RL baseline (sec=1.0 util=1.0 cost=0.1),terminal,5,0.3019079685746352,0.0,0.0,False
3,RL baseline (sec=1.0 util=1.0 cost=0.1),terminal,6,0.3524130190796857,0.0,0.0,False
3,RL baseline (sec=1.0 util=1.0 cost=0.1),terminal,7,0.39955106621773284,0.0,0.0,False
3,RL baseline (sec=1.0 util=1.0 cost=0.1),terminal,8,0.45005611672278334,0.0,0.0,False
3,RL baseline (sec=1.0 util=1.0 cost=0.1),terminal,9,0.5005611672278338,0.5670180587518657,0.0,True
3,RL high-security (sec=3.0 util=1.0 cost=0.1),incremental,0,0.0505050505050505,-1.8104573196038325,-2.0,True
3,RL high-security (sec=3.0 util=1.0 cost=0.1),incremental,1,0.101010101010101,-3.216919702445601,-2.0,False
3,RL high-security (sec=3.0 util=1.0 cost=0.1),incremental,2,0.1515151515151515,-4.4314769947473,-2.0,False
3,RL high-security (sec=3.0 util=1.0 cost=0.1),incremental,3,0.2008978675645342,-5.114470893698948,-2.0,False
3,RL high-security (sec=3.0 util=1.0 cost=0.1),incremental,4,0.2514029180695847,-5.4158704576738295,-2.0,False
3,RL high-security (sec=3.0 util=1.0 cost=0.1),incremental,5,0.3019079685746352,-5.579356198401505,-2.0,False
3,RL high-security (sec=3.0 util=1.0 cost=0.1),incremental,6,0.3524130190796857,-5.406337556044396,-2.0,False
3,RL high-security (sec=3.0 util=1.0 cost=0.1),incremental,7,0.39955106621773284,-5.200864449123134,-2.0,False
3,RL high-security (sec=3.0 util=1.0 cost=0.1),incremental,8,0.45005611672278334,-4.997282141294703,-2.0,False
3,RL high-security (sec=3.0 util=1.0 cost=0.1),incremental,9,0.5005611672278338,-4.67370236837436,-2.0,False
3,RL high-security (sec=3.0 util=1.0 cost=0.1),terminal,0,0.0505050505050505,0.0,-2.0,True
3,RL high-security (sec=3.0 util=1.0 cost=0.1),terminal,1,0.101010101010101,0.0,-2.0,True
3,RL high-security (sec=3.0 util=1.0 cost=0.1),terminal,2,0.1515151515151515,0.0,-2.0,True
3,RL high-security (sec=3.0 util=1.0 cost=0.1),terminal,3,0.2008978675645342,0.0,-2.0,True
3,RL high-security (sec=3.0 util=1.0 cost=0.1),terminal,4,0.2514029180695847,0.0,-2.0,True
3,RL high-security (sec=3.0 util=1.0 cost=0.1),terminal,5,0.3019079685746352,0.0,-2.0,True
3,RL high-security (sec=3.0 util=1.0 cost=0.1),terminal,6,0.3524130190796857,0.0,-2.0,True
3,RL high-security (sec=3.0 util=1.0 cost=0.1),terminal,7,0.39955106621773284,0.0,-2.0,True
3,RL high-security (sec=3.0 util=1.0 cost=0.1),terminal,8,0.45005611672278334,0.0,-2.0,True
3,RL high-security (sec=3.0 util=1.0 cost=0.1),terminal,9,0.5005611672278338,0.3235797729203431,-2.0,True
3,RL very-high-security (sec=10.0 util=1.0 cost=0.1),incremental,0,0.0505050505050505,-8.356406553561596,-9.0,True
3,RL very-high-security (sec=10.0 util=1.0 cost=0.1),incremental,1,0.101010101010101,-15.555557257310252,-9.0,False
3,RL very-high-security (sec=10.0 util=1.0 cost=0.1),incremental,2,0.1515151515151515,-21.678008332659346,-9.0,False
3,RL very-high-security (sec=10.0 util=1.0 cost=0.1),incremental,3,0.2008978675645342,-25.629214207017437,-9.0,False
3,RL very-high-security (sec=10.0 util=1.0 cost=0.1),incremental,4,0.2514029180695847,-27.94361034572533,-9.0,False
3,RL very-high-security (sec=10.0 util=1.0 cost=0.1),incremental,5,0.3019079685746352,-29.723688563426354,-9.0,False
3,RL very-high-security (sec=10.0 util=1.0 cost=0.1),incremental,6,0.3524130190796857,-30.801727778116557,-9.0,False
3,RL very-high-security (sec=10.0 util=1.0 cost=0.1),incremental,7,0.39955106621773284,-31.6811661166432,-9.0,False
3,RL very-high-security (sec=10.0 util=1.0 cost=0.1),incremental,8,0.45005611672278334,-32.480871598175455,-9.0,False
3,RL very-high-security (sec=10.0 util=1.0 cost=0.1),incremental,9,0.5005611672278338,-33.00932582566544,-9.0,False
3,RL very-high-security (sec=10.0 util=1.0 cost=0.1),terminal,0,0.0505050505050505,0.0,-9.0,True
3,RL very-high-security (sec=10.0 util=1.0 cost=0.1),terminal,1,0.101010101010101,0.0,-9.0,True
3,RL very-high-security (sec=10.0 util=1.0 cost=0.1),terminal,2,0.1515151515151515,0.0,-9.0,True
3,RL very-high-security (sec=10.0 util=1.0 cost=0.1),terminal,3,0.2008978675645342,0.0,-9.0,True
3,RL very-high-security (sec=10.0 util=1.0 cost=0.1),terminal,4,0.2514029180695847,0.0,-9.0,True
3,RL very-high-security (sec=10.0 util=1.0 cost=0.1),terminal,5,0.3019079685746352,0.0,-9.0,True
3,RL very-high-security (sec=10.0 util=1.0 cost=0.1),terminal,6,0.3524130190796857,0.0,-9.0,True
3,RL very-high-security (sec=10.0 util=1.0 cost=0.1),terminal,7,0.39955106621773284,0.0,-9.0,True
3,RL very-high-security (sec=10.0 util=1.0 cost=0.1),terminal,8,0.45005611672278334,0.0,-9.0,True
3,RL very-high-security (sec=10.0 util=1.0 cost=0.1),terminal,9,0.5005611672278338,-0.5284542274899862,-9.0,True
3,RL security-only (sec=1.0 util=0.0 cost=0.1),incremental,0,0.0505050505050505,-0.9401861099016142,-1.0,True
3,RL security-only (sec=1.0 util=0.0 cost=0.1),incremental,1,0.101010101010101,-1.7773089724842719,-1.0,False
3,RL security-only (sec=1.0 util=0.0 cost=0.1),incremental,2,0.1515151515151515,-2.4921108982009996,-1.0,False
3,RL security-only (sec=1.0 util=0.0 cost=0.1),incremental,3,0.2008978675645342,-2.9762228041793772,-1.0,False
3,RL security-only (sec=1.0 util=0.0 cost=0.1),incremental,4,0.2514029180695847,-3.2842706682305414,-1.0,False
3,RL security-only (sec=1.0 util=0.0 cost=0.1),incremental,5,0.3019079685746352,-3.5385735137515457,-1.0,False
3,RL security-only (sec=1.0 util=0.0 cost=0.1),incremental,6,0.3524130190796857,-3.7432016600059193,-1.0,False
3,RL security-only (sec=1.0 util=0.0 cost=0.1),incremental,7,0.39955106621773284,-3.9260911504790066,-1.0,False
3,RL security-only (sec=1.0 util=0.0 cost=0.1),incremental,8,0.45005611672278334,-4.099275619836584,-1.0,False
3,RL security-only (sec=1.0 util=0.0 cost=0.1),incremental,9,0.5005611672278338,-4.252542600769986,-1.0,False
3,RL security-only (sec=1.0 util=0.0 cost=0.1),terminal,0,0.0505050505050505,0.0,-1.0,True
3,RL security-only (sec=1.0 util=0.0 cost=0.1),terminal,1,0.101010101010101,0.0,-1.0,True
3,RL security-only (sec=1.0 util=0.0 cost=0.1),terminal,2,0.1515151515151515,0.0,-1.0,True
3,RL security-only (sec=1.0 util=0.0 cost=0.1),terminal,3,0.2008978675645342,0.0,-1.0,True
3,RL security-only (sec=1.0 util=0.0 cost=0.1),terminal,4,0.2514029180695847,0.0,-1.0,True
3,RL security-only (sec=1.0 util=0.0 cost=0.1),terminal,5,0.3019079685746352,0.0,-1.0,True
3,RL security-only (sec=1.0 util=0.0 cost=0.1),terminal,6,0.3524130190796857,0.0,-1.0,True
3,RL security-only (sec=1.0 util=0.0 cost=0.1),terminal,7,0.39955106621773284,0.0,-1.0,True
3,RL security-only (sec=1.0 util=0.0 cost=0.1),terminal,8,0.45005611672278334,0.0,-1.0,True
3,RL security-only (sec=1.0 util=0.0 cost=0.1),terminal,9,0.5005611672278338,-0.1532669809334017,-1.0,True
4,RL baseline (sec=1.0 util=1.0 cost=0.1),incremental,0,0.0505050505050505,-0.16385113565647744,0.0,False
4,RL baseline (sec=1.0 util=1.0 cost=0.1),incremental,1,0.101010101010101,-0.22907684618297236,0.0,False
4,RL baseline (sec=1.0 util=1.0 cost=0.1),incremental,2,0.1515151515151515,-0.1677859839671187,0.0,False
4,RL baseline (sec=1.0 util=1.0 cost=0.1),incremental,3,0.2008978675645342,-0.144778313215625,0.0,False
4,RL baseline (sec=1.0 util=1.0 cost=0.1),incremental,4,0.2514029180695847,-0.03480775114091923,0.0,False
4,RL baseline (sec=1.0 util=1.0 cost=0.1),incremental,5,0.3019079685746352,0.0925631342291419,0.0,True
4,RL baseline (sec=1.0 util=1.0 cost=0.1),incremental,6,0.3524130190796857,0.3068870416402587,0.0,True
4,RL baseline (sec=1.0 util=1.0 cost=0.1),incremental,7,0.39955106621773284,0.5918099235920273,0.0,True
4,RL baseline (sec=1.0 util=1.0 cost=0.1),incremental,8,0.45005611672278334,0.9520785349380945,0.0,True
4,RL baseline (sec=1.0 util=1.0 cost=0.1),incremental,9,0.5005611672278338,1.303968575394002,0.0,True
4,RL baseline (sec=1.0 util=1.0 cost=0.1),terminal,0,0.0505050505050505,0.0,0.0,False
4,RL baseline (sec=1.0 util=1.0 cost=0.1),terminal,1,0.101010101010101,0.0,0.0,False
4,RL baseline (sec=1.0 util=1.0 cost=0.1),terminal,2,0.1515151515151515,0.0,0.0,False
4,RL baseline (sec=1.0 util=1.0 cost=0.1),terminal,3,0.2008978675645342,0.0,0.0,False
4,RL baseline (sec=1.0 util=1.0 cost=0.1),terminal,4,0.2514029180695847,0.0,0.0,False
4,RL baseline (sec=1.0 util=1.0 cost=0.1),terminal,5,0.3019079685746352,0.0,0.0,False
4,RL baseline (sec=1.0 util=1.0 cost=0.1),terminal,6,0.3524130190796857,0.0,0.0,False
4,RL baseline (sec=1.0 util=1.0 cost=0.1),terminal,7,0.39955106621773284,0.0,0.0,False
4,RL baseline (sec=1.0 util=1.0 cost=0.1),terminal,8,0.45005611672278334,0.0,0.0,False
4,RL baseline (sec=1.0 util=1.0 cost=0.1),terminal,9,0.5005611672278338,0.35189004045590744,0.0,True
4,RL high-security (sec=3.0 util=1.0 cost=0.1),incremental,0,0.0505050505050505,-1.9814523968684223,-2.0,True
4,RL high-security (sec=3.0 util=1.0 cost=0.1),incremental,1,0.101010101010101,-3.582937609255988,-2.0,False
4,RL high-security (sec=3.0 util=1.0 cost=0.1),incremental,2,0.1515151515151515,-4.951091537759942,-2.0,False
4,RL high-security (sec=3.0 util=1.0 cost=0.1),incremental,3,0.2008978675645342,-6.133682063664833,-2.0,False
4,RL high-security (sec=3.0 util=1.0 cost=0.1),incremental,4,0.2514029180695847,-6.984575902833533,-2.0,False
4,RL high-security (sec=3.0 util=1.0 cost=0.1),incremental,5,0.3019079685746352,-7.716412526780869,-2.0,False
4,RL high-security (sec=3.0 util=1.0 cost=0.1),incremental,6,0.3524130190796857,-8.124267449989787,-2.0,False
4,RL high-security (sec=3.0 util=1.0 cost=0.1),incremental,7,0.39955106621773284,-8.43578479005177,-2.0,False
4,RL high-security (sec=3.0 util=1.0 cost=0.1),incremental,8,0.45005611672278334,-8.456249426157324,-2.0,False
4,RL high-security (sec=3.0 util=1.0 cost=0.1),incremental,9,0.5005611672278338,-8.440420095772387,-2.0,False
4,RL high-security (sec=3.0 util=1.0 cost=0.1),terminal,0,0.0505050505050505,0.0,-2.0,True
4,RL high-security (sec=3.0 util=1.0 cost=0.1),terminal,1,0.101010101010101,0.0,-2.0,True
4,RL high-security (sec=3.0 util=1.0 cost=0.1),terminal,2,0.1515151515151515,0.0,-2.0,True
4,RL high-security (sec=3.0 util=1.0 cost=0.1),terminal,3,0.2008978675645342,0.0,-2.0,True
4,RL high-security (sec=3.0 util=1.0 cost=0.1),terminal,4,0.2514029180695847,0.0,-2.0,True
4,RL high-security (sec=3.0 util=1.0 cost=0.1),terminal,5,0.3019079685746352,0.0,-2.0,True
4,RL high-security (sec=3.0 util=1.0 cost=0.1),terminal,6,0.3524130190796857,0.0,-2.0,True
4,RL high-security (sec=3.0 util=1.0 cost=0.1),terminal,7,0.39955106621773284,0.0,-2.0,True
4,RL high-security (sec=3.0 util=1.0 cost=0.1),terminal,8,0.45005611672278334,0.0,-2.0,True
4,RL high-security (sec=3.0 util=1.0 cost=0.1),terminal,9,0.5005611672278338,0.015829330384937078,-2.0,True
4,RL very-high-security (sec=10.0 util=1.0 cost=0.1),incremental,0,0.0505050505050505,-8.34305681111023,-9.0,True
4,RL very-high-security (sec=10.0 util=1.0 cost=0.1),incremental,1,0.101010101010101,-15.321450280011543,-9.0,False
4,RL very-high-security (sec=10.0 util=1.0 cost=0.1),incremental,2,0.1515151515151515,-21.692660976034826,-9.0,False
4,RL very-high-security (sec=10.0 util=1.0 cost=0.1),incremental,3,0.2008978675645342,-27.09484519023706,-9.0,False
4,RL very-high-security (sec=10.0 util=1.0 cost=0.1),incremental,4,0.2514029180695847,-31.30876443375768,-9.0,False
4,RL very-high-security (sec=10.0 util=1.0 cost=0.1),incremental,5,0.3019079685746352,-35.047827340315905,-9.0,False
4,RL very-high-security (sec=10.0 util=1.0 cost=0.1),incremental,6,0.3524130190796857,-37.63330817069495,-9.0,False
4,RL very-high-security (sec=10.0 util=1.0 cost=0.1),incremental,7,0.39955106621773284,-40.03236628780507,-9.0,False
4,RL very-high-security (sec=10.0 util=1.0 cost=0.1),incremental,8,0.45005611672278334,-41.3853972899913,-9.0,False
4,RL very-high-security (sec=10.0 util=1.0 cost=0.1),incremental,9,0.5005611672278338,-42.54578044485476,-9.0,False
4,RL very-high-security (sec=10.0 util=1.0 cost=0.1),terminal,0,0.0505050505050505,0.0,-9.0,True
4,RL very-high-security (sec=10.0 util=1.0 cost=0.1),terminal,1,0.101010101010101,0.0,-9.0,True
4,RL very-high-security (sec=10.0 util=1.0 cost=0.1),terminal,2,0.1515151515151515,0.0,-9.0,True
4,RL very-high-security (sec=10.0 util=1.0 cost=0.1),terminal,3,0.2008978675645342,0.0,-9.0,True
4,RL very-high-security (sec=10.0 util=1.0 cost=0.1),terminal,4,0.2514029180695847,0.0,-9.0,True
4,RL very-high-security (sec=10.0 util=1.0 cost=0.1),terminal,5,0.3019079685746352,0.0,-9.0,True
4,RL very-high-security (sec=10.0 util=1.0 cost=0.1),terminal,6,0.3524130190796857,0.0,-9.0,True
4,RL very-high-security (sec=10.0 util=1.0 cost=0.1),terminal,7,0.39955106621773284,0.0,-9.0,True
4,RL very-high-security (sec=10.0 util=1.0 cost=0.1),terminal,8,0.45005611672278334,0.0,-9.0,True
4,RL very-high-security (sec=10.0 util=1.0 cost=0.1),terminal,9,0.5005611672278338,-1.1603831548634589,-9.0,True
4,RL security-only (sec=1.0 util=0.0 cost=0.1),incremental,0,0.0505050505050505,-0.9138511356564776,-1.0,True
4,RL security-only (sec=1.0 util=0.0 cost=0.1),incremental,1,0.101010101010101,-1.6915768461829725,-1.0,False
4,RL security-only (sec=1.0 util=0.0 cost=0.1),incremental,2,0.1515151515151515,-2.419973483967119,-1.0,False
4,RL security-only (sec=1.0 util=0.0 cost=0.1),incremental,3,0.2008978675645342,-3.0399970632156252,-1.0,False
4,RL security-only (sec=1.0 util=0.0 cost=0.1),incremental,4,0.2514029180695847,-3.5409061886409194,-1.0,False
4,RL security-only (sec=1.0 util=0.0 cost=0.1),incremental,5,0.3019079685746352,-3.9938710063958585,-1.0,False
4,RL security-only (sec=1.0 util=0.0 cost=0.1),incremental,6,0.3524130190796857,-4.330866016953491,-1.0,False
4,RL security-only (sec=1.0 util=0.0 cost=0.1),incremental,7,0.39955106621773284,-4.656988269083754,-1.0,False
4,RL security-only (sec=1.0 util=0.0 cost=0.1),incremental,8,0.45005611672278334,-4.877212535115616,-1.0,False
4,RL security-only (sec=1.0 util=0.0 cost=0.1),incremental,9,0.5005611672278338,-5.076790728168741,-1.0,False
4,RL security-only (sec=1.0 util=0.0 cost=0.1),terminal,0,0.0505050505050505,0.0,-1.0,True
4,RL security-only (sec=1.0 util=0.0 cost=0.1),terminal,1,0.101010101010101,0.0,-1.0,True
4,RL security-only (sec=1.0 util=0.0 cost=0.1),terminal,2,0.1515151515151515,0.0,-1.0,True
4,RL security-only (sec=1.0 util=0.0 cost=0.1),terminal,3,0.2008978675645342,0.0,-1.0,True
4,RL security-only (sec=1.0 util=0.0 cost=0.1),terminal,4,0.2514029180695847,0.0,-1.0,True
4,RL security-only (sec=1.0 util=0.0 cost=0.1),terminal,5,0.3019079685746352,0.0,-1.0,True
4,RL security-only (sec=1.0 util=0.0 cost=0.1),terminal,6,0.3524130190796857,0.0,-1.0,True
4,RL security-only (sec=1.0 util=0.0 cost=0.1),terminal,7,0.39955106621773284,0.0,-1.0,True
4,RL security-only (sec=1.0 util=0.0 cost=0.1),terminal,8,0.45005611672278334,0.0,-1.0,True
4,RL security-only (sec=1.0 util=0.0 cost=0.1),terminal,9,0.5005611672278338,-0.19957819305312552,-1.0,True
5,RL baseline (sec=1.0 util=1.0 cost=0.1),incremental,0,0.0505050505050505,0.0837703547979747,0.0,True
5,RL baseline (sec=1.0 util=1.0 cost=0.1),incremental,1,0.101010101010101,0.18694443020910056,0.0,True
5,RL baseline (sec=1.0 util=1.0 cost=0.1),incremental,2,0.1515151515151515,0.37508003358877723,0.0,True
5,RL baseline (sec=1.0 util=1.0 cost=0.1),incremental,3,0.2008978675645342,0.6277642937114378,0.0,True
5,RL baseline (sec=1.0 util=1.0 cost=0.1),incremental,4,0.2514029180695847,0.9328297125130893,0.0,True
5,RL baseline (sec=1.0 util=1.0 cost=0.1),incremental,5,0.3019079685746352,1.2978916778104783,0.0,True
5,RL baseline (sec=1.0 util=1.0 cost=0.1),incremental,6,0.3524130190796857,1.6929956876594163,0.0,True
5,RL baseline (sec=1.0 util=1.0 cost=0.1),incremental,7,0.39955106621773284,2.1101639828223955,0.0,True
5,RL baseline (sec=1.0 util=1.0 cost=0.1),incremental,8,0.45005611672278334,2.532951696266258,0.0,True
5,RL baseline (sec=1.0 util=1.0 cost=0.1),incremental,9,0.5005611672278338,2.9602748261519163,0.0,True
5,RL baseline (sec=1.0 util=1.0 cost=0.1),terminal,0,0.0505050505050505,0.0,0.0,False
5,RL baseline (sec=1.0 util=1.0 cost=0.1),terminal,1,0.101010101010101,0.0,0.0,False
5,RL baseline (sec=1.0 util=1.0 cost=0.1),terminal,2,0.1515151515151515,0.0,0.0,False
5,RL baseline (sec=1.0 util=1.0 cost=0.1),terminal,3,0.2008978675645342,0.0,0.0,False
5,RL baseline (sec=1.0 util=1.0 cost=0.1),terminal,4,0.2514029180695847,0.0,0.0,False
5,RL baseline (sec=1.0 util=1.0 cost=0.1),terminal,5,0.3019079685746352,0.0,0.0,False
5,RL baseline (sec=1.0 util=1.0 cost=0.1),terminal,6,0.3524130190796857,0.0,0.0,False
5,RL baseline (sec=1.0 util=1.0 cost=0.1),terminal,7,0.39955106621773284,0.0,0.0,False
5,RL baseline (sec=1.0 util=1.0 cost=0.1),terminal,8,0.45005611672278334,0.0,0.0,False
5,RL baseline (sec=1.0 util=1.0 cost=0.1),terminal,9,0.5005611672278338,0.427323129885658,0.0,True
5,RL high-security (sec=3.0 util=1.0 cost=0.1),incremental,0,0.0505050505050505,-1.7385879255050656,-2.0,True
5,RL high-security (sec=3.0 util=1.0 cost=0.1),incremental,1,0.101010101010101,-3.3098737800797684,-2.0,False
5,RL high-security (sec=3.0 util=1.0 cost=0.1),incremental,2,0.1515151515151515,-4.523118485092254,-2.0,False
5,RL high-security (sec=3.0 util=1.0 cost=0.1),incremental,3,0.2008978675645342,-5.445366742883643,-2.0,False
5,RL high-security (sec=3.0 util=1.0 cost=0.1),incremental,4,0.2514029180695847,-6.118229136871506,-2.0,False
5,RL high-security (sec=3.0 util=1.0 cost=0.1),incremental,5,0.3019079685746352,-6.523882989786857,-2.0,False
5,RL high-security (sec=3.0 util=1.0 cost=0.1),incremental,6,0.3524130190796857,-6.756943550994812,-2.0,False
5,RL high-security (sec=3.0 util=1.0 cost=0.1),incremental,7,0.39955106621773284,-6.846308975446601,-2.0,False
5,RL high-security (sec=3.0 util=1.0 cost=0.1),incremental,8,0.45005611672278334,-6.845071413081036,-2.0,False
5,RL high-security (sec=3.0 util=1.0 cost=0.1),incremental,9,0.5005611672278338,-6.760505166838,-2.0,False
5,RL high-security (sec=3.0 util=1.0 cost=0.1),terminal,0,0.0505050505050505,0.0,-2.0,True
5,RL high-security (sec=3.0 util=1.0 cost=0.1),terminal,1,0.101010101010101,0.0,-2.0,True
5,RL high-security (sec=3.0 util=1.0 cost=0.1),terminal,2,0.1515151515151515,0.0,-2.0,True
5,RL high-security (sec=3.0 util=1.0 cost=0.1),terminal,3,0.2008978675645342,0.0,-2.0,True
5,RL high-security (sec=3.0 util=1.0 cost=0.1),terminal,4,0.2514029180695847,0.0,-2.0,True
5,RL high-security (sec=3.0 util=1.0 cost=0.1),terminal,5,0.3019079685746352,0.0,-2.0,True
5,RL high-security (sec=3.0 util=1.0 cost=0.1),terminal,6,0.3524130190796857,0.0,-2.0,True
5,RL high-security (sec=3.0 util=1.0 cost=0.1),terminal,7,0.39955106621773284,0.0,-2.0,True
5,RL high-security (sec=3.0 util=1.0 cost=0.1),terminal,8,0.45005611672278334,0.0,-2.0,True
5,RL high-security (sec=3.0 util=1.0 cost=0.1),terminal,9,0.5005611672278338,0.0845662462430366,-2.0,True
5,RL very-high-security (sec=10.0 util=1.0 cost=0.1),incremental,0,0.0505050505050505,-8.116841906565707,-9.0,True
5,RL very-high-security (sec=10.0 util=1.0 cost=0.1),incremental,1,0.101010101010101,-15.54873751609081,-9.0,False
5,RL very-high-security (sec=10.0 util=1.0 cost=0.1),incremental,2,0.1515151515151515,-21.666813300475862,-9.0,False
5,RL very-high-security (sec=10.0 util=1.0 cost=0.1),incremental,3,0.2008978675645342,-26.701325370966426,-9.0,False
5,RL very-high-security (sec=10.0 util=1.0 cost=0.1),incremental,4,0.2514029180695847,-30.796935109717587,-9.0,False
5,RL very-high-security (sec=10.0 util=1.0 cost=0.1),incremental,5,0.3019079685746352,-33.900094326377534,-9.0,False
5,RL very-high-security (sec=10.0 util=1.0 cost=0.1),incremental,6,0.3524130190796857,-36.33173088628462,-9.0,False
5,RL very-high-security (sec=10.0 util=1.0 cost=0.1),incremental,7,0.39955106621773284,-38.193964329388095,-9.0,False
5,RL very-high-security (sec=10.0 util=1.0 cost=0.1),incremental,8,0.45005611672278334,-39.66815229579657,-9.0,False
5,RL very-high-security (sec=10.0 util=1.0 cost=0.1),incremental,9,0.5005611672278338,-40.78323514230271,-9.0,False
5,RL very-high-security (sec=10.0 util=1.0 cost=0.1),terminal,0,0.0505050505050505,0.0,-9.0,True
5,RL very-high-security (sec=10.0 util=1.0 cost=0.1),terminal,1,0.101010101010101,0.0,-9.0,True
5,RL very-high-security (sec=10.0 util=1.0 cost=0.1),terminal,2,0.1515151515151515,0.0,-9.0,True
5,RL very-high-security (sec=10.0 util=1.0 cost=0.1),terminal,3,0.2008978675645342,0.0,-9.0,True
5,RL very-high-security (sec=10.0 util=1.0 cost=0.1),terminal,4,0.2514029180695847,0.0,-9.0,True
5,RL very-high-security (sec=10.0 util=1.0 cost=0.1),terminal,5,0.3019079685746352,0.0,-9.0,True
5,RL very-high-security (sec=10.0 util=1.0 cost=0.1),terminal,6,0.3524130190796857,0.0,-9.0,True
5,RL very-high-security (sec=10.0 util=1.0 cost=0.1),terminal,7,0.39955106621773284,0.0,-9.0,True
5,RL very-high-security (sec=10.0 util=1.0 cost=0.1),terminal,8,0.45005611672278334,0.0,-9.0,True
5,RL very-high-security (sec=10.0 util=1.0 cost=0.1),terminal,9,0.5005611672278338,-1.1150828465061382,-9.0,True
5,RL security-only (sec=1.0 util=0.0 cost=0.1),incremental,0,0.0505050505050505,-0.9162296452020253,-1.0,True
5,RL security-only (sec=1.0 util=0.0 cost=0.1),incremental,1,0.101010101010101,-1.7630555697908994,-1.0,False
5,RL security-only (sec=1.0 util=0.0 cost=0.1),incremental,2,0.1515151515151515,-2.4774199664112224,-1.0,False
5,RL security-only (sec=1.0 util=0.0 cost=0.1),incremental,3,0.2008978675645342,-3.082110706288562,-1.0,False
5,RL security-only (sec=1.0 util=0.0 cost=0.1),incremental,4,0.2514029180695847,-3.5915515374869105,-1.0,False
5,RL security-only (sec=1.0 util=0.0 cost=0.1),incremental,5,0.3019079685746352,-4.000270509689521,-1.0,False
5,RL security-only (sec=1.0 util=0.0 cost=0.1),incremental,6,0.3524130190796857,-4.340258390465583,-1.0,False
5,RL security-only (sec=1.0 util=0.0 cost=0.1),incremental,7,0.39955106621773284,-4.621427391396353,-1.0,False
5,RL security-only (sec=1.0 util=0.0 cost=0.1),incremental,8,0.45005611672278334,-4.862060109241553,-1.0,False
5,RL security-only (sec=1.0 util=0.0 cost=0.1),incremental,9,0.5005611672278338,-5.064986389080504,-1.0,False
5,RL security-only (sec=1.0 util=0.0 cost=0.1),terminal,0,0.0505050505050505,0.0,-1.0,True
5,RL security-only (sec=1.0 util=0.0 cost=0.1),terminal,1,0.101010101010101,0.0,-1.0,True
5,RL security-only (sec=1.0 util=0.0 cost=0.1),terminal,2,0.1515151515151515,0.0,-1.0,True
5,RL security-only (sec=1.0 util=0.0 cost=0.1),terminal,3,0.2008978675645342,0.0,-1.0,True
5,RL security-only (sec=1.0 util=0.0 cost=0.1),terminal,4,0.2514029180695847,0.0,-1.0,True
5,RL security-only (sec=1.0 util=0.0 cost=0.1),terminal,5,0.3019079685746352,0.0,-1.0,True
5,RL security-only (sec=1.0 util=0.0 cost=0.1),terminal,6,0.3524130190796857,0.0,-1.0,True
5,RL security-only (sec=1.0 util=0.0 cost=0.1),terminal,7,0.39955106621773284,0.0,-1.0,True
5,RL security-only (sec=1.0 util=0.0 cost=0.1),terminal,8,0.45005611672278334,0.0,-1.0,True
5,RL security-only (sec=1.0 util=0.0 cost=0.1),terminal,9,0.5005611672278338,-0.20292627983895106,-1.0,True
6,RL baseline (sec=1.0 util=1.0 cost=0.1),incremental,0,0.0505050505050505,1.1044759701504352,0.0,True
6,RL baseline (sec=1.0 util=1.0 cost=0.1),incremental,1,0.101010101010101,2.319771805936081,0.0,True
6,RL baseline (sec=1.0 util=1.0 cost=0.1),incremental,2,0.1515151515151515,4.472766038998028,0.0,True
6,RL baseline (sec=1.0 util=1.0 cost=0.1),incremental,3,0.2008978675645342,6.542959180722917,0.0,True
6,RL baseline (sec=1.0 util=1.0 cost=0.1),incremental,4,0.2514029180695847,8.500792751118881,0.0,True
6,RL baseline (sec=1.0 util=1.0 cost=0.1),incremental,5,0.3019079685746352,10.491910524994342,0.0,True
6,RL baseline (sec=1.0 util=1.0 cost=0.1),incremental,6,0.3524130190796857,12.428152957656266,0.0,True
6,RL baseline (sec=1.0 util=1.0 cost=0.1),incremental,7,0.39955106621773284,14.990738932151242,0.0,True
6,RL baseline (sec=1.0 util=1.0 cost=0.1),incremental,8,0.45005611672278334,16.830847683673458,0.0,True
6,RL baseline (sec=1.0 util=1.0 cost=0.1),incremental,9,0.5005611672278338,18.579977187567895,0.0,True
6,RL baseline (sec=1.0 util=1.0 cost=0.1),terminal,0,0.0505050505050505,0.0,0.0,False
6,RL baseline (sec=1.0 util=1.0 cost=0.1),terminal,1,0.101010101010101,0.0,0.0,False
6,RL baseline (sec=1.0 util=1.0 cost=0.1),terminal,2,0.1515151515151515,0.0,0.0,False
6,RL baseline (sec=1.0 util=1.0 cost=0.1),terminal,3,0.2008978675645342,0.0,0.0,False
6,RL baseline (sec=1.0 util=1.0 cost=0.1),terminal,4,0.2514029180695847,0.0,0.0,False
6,RL baseline (sec=1.0 util=1.0 cost=0.1),terminal,5,0.3019079685746352,0.0,0.0,False
6,RL baseline (sec=1.0 util=1.0 cost=0.1),terminal,6,0.3524130190796857,0.0,0.0,False
6,RL baseline (sec=1.0 util=1.0 cost=0.1),terminal,7,0.39955106621773284,0.0,0.0,False
6,RL baseline (sec=1.0 util=1.0 cost=0.1),terminal,8,0.45005611672278334,0.0,0.0,False
6,RL baseline (sec=1.0 util=1.0 cost=0.1),terminal,9,0.5005611672278338,1.7491295038944359,0.0,True
6,RL high-security (sec=3.0 util=1.0 cost=0.1),incremental,0,0.0505050505050505,-0.6764710794476841,-2.0,True
6,RL high-security (sec=3.0 util=1.0 cost=0.1),incremental,1,0.101010101010101,-0.8113916528988292,-2.0,True
6,RL high-security (sec=3.0 util=1.0 cost=0.1),incremental,2,0.1515151515151515,0.25993953113550017,-2.0,True
6,RL high-security (sec=3.0 util=1.0 cost=0.1),incremental,3,0.2008978675645342,1.3607179181507987,-2.0,True
6,RL high-security (sec=3.0 util=1.0 cost=0.1),incremental,4,0.2514029180695847,2.388134978945875,-2.0,True
6,RL high-security (sec=3.0 util=1.0 cost=0.1),incremental,5,0.3019079685746352,3.765524801764742,-2.0,True
6,RL high-security (sec=3.0 util=1.0 cost=0.1),incremental,6,0.3524130190796857,5.215511946495745,-2.0,True
6,RL high-security (sec=3.0 util=1.0 cost=0.1),incremental,7,0.39955106621773284,7.372375783477448,-2.0,True
6,RL high-security (sec=3.0 util=1.0 cost=0.1),incremental,8,0.45005611672278334,8.971894734921829,-2.0,True
6,RL high-security (sec=3.0 util=1.0 cost=0.1),incremental,9,0.5005611672278338,10.500882464292763,-2.0,True
6,RL high-security (sec=3.0 util=1.0 cost=0.1),terminal,0,0.0505050505050505,0.0,-2.0,True
6,RL high-security (sec=3.0 util=1.0 cost=0.1),terminal,1,0.101010101010101,0.0,-2.0,True
6,RL high-security (sec=3.0 util=1.0 cost=0.1),terminal,2,0.1515151515151515,0.0,-2.0,True
6,RL high-security (sec=3.0 util=1.0 cost=0.1),terminal,3,0.2008978675645342,0.0,-2.0,True
6,RL high-security (sec=3.0 util=1.0 cost=0.1),terminal,4,0.2514029180695847,0.0,-2.0,True
6,RL high-security (sec=3.0 util=1.0 cost=0.1),terminal,5,0.3019079685746352,0.0,-2.0,True
6,RL high-security (sec=3.0 util=1.0 cost=0.1),terminal,6,0.3524130190796857,0.0,-2.0,True
6,RL high-security (sec=3.0 util=1.0 cost=0.1),terminal,7,0.39955106621773284,0.0,-2.0,True
6,RL high-security (sec=3.0 util=1.0 cost=0.1),terminal,8,0.45005611672278334,0.0,-2.0,True
6,RL high-security (sec=3.0 util=1.0 cost=0.1),terminal,9,0.5005611672278338,1.5289877293709346,-2.0,True
6,RL very-high-security (sec=10.0 util=1.0 cost=0.1),incremental,0,0.0505050505050505,-6.909785753041103,-9.0,True
6,RL very-high-security (sec=10.0 util=1.0 cost=0.1),incremental,1,0.101010101010101,-11.770463758821013,-9.0,False
6,RL very-high-security (sec=10.0 util=1.0 cost=0.1),incremental,2,0.1515151515151515,-14.484953246383348,-9.0,False
6,RL very-high-security (sec=10.0 util=1.0 cost=0.1),incremental,3,0.2008978675645342,-16.77712650085162,-9.0,False
6,RL very-high-security (sec=10.0 util=1.0 cost=0.1),incremental,4,0.2514029180695847,-19.00616722365965,-9.0,False
6,RL very-high-security (sec=10.0 util=1.0 cost=0.1),incremental,5,0.3019079685746352,-19.776825229538865,-9.0,False
6,RL very-high-security (sec=10.0 util=1.0 cost=0.1),incremental,6,0.3524130190796857,-20.028731592566082,-9.0,False
6,RL very-high-security (sec=10.0 util=1.0 cost=0.1),incremental,7,0.39955106621773284,-19.291895236880837,-9.0,False
6,RL very-high-security (sec=10.0 util=1.0 cost=0.1),incremental,8,0.45005611672278334,-18.534440585708886,-9.0,False
6,RL very-high-security (sec=10.0 util=1.0 cost=0.1),incremental,9,0.5005611672278338,-17.775949067170206,-9.0,False
6,RL very-high-security (sec=10.0 util=1.0 cost=0.1),terminal,0,0.0505050505050505,0.0,-9.0,True
6,RL very-high-security (sec=10.0 util=1.0 cost=0.1),terminal,1,0.101010101010101,0.0,-9.0,True
6,RL very-high-security (sec=10.0 util=1.0 cost=0.1),terminal,2,0.1515151515151515,0.0,-9.0,True
6,RL very-high-security (sec=10.0 util=1.0 cost=0.1),terminal,3,0.2008978675645342,0.0,-9.0,True
6,RL very-high-security (sec=10.0 util=1.0 cost=0.1),terminal,4,0.2514029180695847,0.0,-9.0,True
6,RL very-high-security (sec=10.0 util=1.0 cost=0.1),terminal,5,0.3019079685746352,0.0,-9.0,True
6,RL very-high-security (sec=10.0 util=1.0 cost=0.1),terminal,6,0.3524130190796857,0.0,-9.0,True
6,RL very-high-security (sec=10.0 util=1.0 cost=0.1),terminal,7,0.39955106621773284,0.0,-9.0,True
6,RL very-high-security (sec=10.0 util=1.0 cost=0.1),terminal,8,0.45005611672278334,0.0,-9.0,True
6,RL very-high-security (sec=10.0 util=1.0 cost=0.1),terminal,9,0.5005611672278338,0.7584915185386812,-9.0,True
6,RL security-only (sec=1.0 util=0.0 cost=0.1),incremental,0,0.0505050505050505,-0.8955240298495648,-1.0,True
6,RL security-only (sec=1.0 util=0.0 cost=0.1),incremental,1,0.101010101010101,-1.5802281940639196,-1.0,False
6,RL security-only (sec=1.0 util=0.0 cost=0.1),incremental,2,0.1515151515151515,-2.134733961001971,-1.0,False
6,RL security-only (sec=1.0 util=0.0 cost=0.1),incremental,3,0.2008978675645342,-2.6366658192770807,-1.0,False
6,RL security-only (sec=1.0 util=0.0 cost=0.1),incremental,4,0.2514029180695847,-3.122350998881116,-1.0,False
6,RL security-only (sec=1.0 util=0.0 cost=0.1),incremental,5,0.3019079685746352,-3.452576037505654,-1.0,False
6,RL security-only (sec=1.0 util=0.0 cost=0.1),incremental,6,0.3524130190796857,-3.721609276718729,-1.0,False
6,RL security-only (sec=1.0 util=0.0 cost=0.1),incremental,7,0.39955106621773284,-3.9523724865987524,-1.0,False
6,RL security-only (sec=1.0 util=0.0 cost=0.1),incremental,8,0.45005611672278334,-4.102525028943722,-1.0,False
6,RL security-only (sec=1.0 util=0.0 cost=0.1),incremental,9,0.5005611672278338,-4.244143754223113,-1.0,False
6,RL security-only (sec=1.0 util=0.0 cost=0.1),terminal,0,0.0505050505050505,0.0,-1.0,True
6,RL security-only (sec=1.0 util=0.0 cost=0.1),terminal,1,0.101010101010101,0.0,-1.0,True
6,RL security-only (sec=1.0 util=0.0 cost=0.1),terminal,2,0.1515151515151515,0.0,-1.0,True
6,RL security-only (sec=1.0 util=0.0 cost=0.1),terminal,3,0.2008978675645342,0.0,-1.0,True
6,RL security-only (sec=1.0 util=0.0 cost=0.1),terminal,4,0.2514029180695847,0.0,-1.0,True
6,RL security-only (sec=1.0 util=0.0 cost=0.1),terminal,5,0.3019079685746352,0.0,-1.0,True
6,RL security-only (sec=1.0 util=0.0 cost=0.1),terminal,6,0.3524130190796857,0.0,-1.0,True
6,RL security-only (sec=1.0 util=0.0 cost=0.1),terminal,7,0.39955106621773284,0.0,-1.0,True
6,RL security-only (sec=1.0 util=0.0 cost=0.1),terminal,8,0.45005611672278334,0.0,-1.0,True
6,RL security-only (sec=1.0 util=0.0 cost=0.1),terminal,9,0.5005611672278338,-0.14161872527939093,-1.0,True
7,RL baseline (sec=1.0 util=1.0 cost=0.1),incremental,0,0.0505050505050505,-0.012807387773805601,0.0,False
7,RL baseline (sec=1.0 util=1.0 cost=0.1),incremental,1,0.101010101010101,-0.2748253518268134,0.0,False
7,RL baseline (sec=1.0 util=1.0 cost=0.1),incremental,2,0.1515151515151515,-0.4033446555491357,0.0,False
7,RL baseline (sec=1.0 util=1.0 cost=0.1),incremental,3,0.2008978675645342,-0.5165557905437069,0.0,False
7,RL baseline (sec=1.0 util=1.0 cost=0.1),incremental,4,0.2514029180695847,-0.5511826965755533,0.0,False
7,RL baseline (sec=1.0 util=1.0 cost=0.1),incremental,5,0.3019079685746352,-0.03151527099002327,0.0,False
7,RL baseline (sec=1.0 util=1.0 cost=0.1),incremental,6,0.3524130190796857,0.24098751551833997,0.0,True
7,RL baseline (sec=1.0 util=1.0 cost=0.1),incremental,7,0.4006734006734006,1.086691608009268,0.0,True
7,RL baseline (sec=1.0 util=1.0 cost=0.1),incremental,8,0.4511784511784511,1.976552792928124,0.0,True
7,RL baseline (sec=1.0 util=1.0 cost=0.1),incremental,9,0.5016835016835017,2.852499276880858,0.0,True
7,RL baseline (sec=1.0 util=1.0 cost=0.1),terminal,0,0.0505050505050505,0.0,0.0,False
7,RL baseline (sec=1.0 util=1.0 cost=0.1),terminal,1,0.101010101010101,0.0,0.0,False
7,RL baseline (sec=1.0 util=1.0 cost=0.1),terminal,2,0.1515151515151515,0.0,0.0,False
7,RL baseline (sec=1.0 util=1.0 cost=0.1),terminal,3,0.2008978675645342,0.0,0.0,False
7,RL baseline (sec=1.0 util=1.0 cost=0.1),terminal,4,0.2514029180695847,0.0,0.0,False
7,RL baseline (sec=1.0 util=1.0 cost=0.1),terminal,5,0.3019079685746352,0.0,0.0,False
7,RL baseline (sec=1.0 util=1.0 cost=0.1),terminal,6,0.3524130190796857,0.0,0.0,False
7,RL baseline (sec=1.0 util=1.0 cost=0.1),terminal,7,0.4006734006734006,0.0,0.0,False
7,RL baseline (sec=1.0 util=1.0 cost=0.1),terminal,8,0.4511784511784511,0.0,0.0,False
7,RL baseline (sec=1.0 util=1.0 cost=0.1),terminal,9,0.5016835016835017,0.8759464839527342,0.0,True
7,RL high-security (sec=3.0 util=1.0 cost=0.1),incremental,0,0.0505050505050505,-2.028321153220407,-2.0,False
7,RL high-security (sec=3.0 util=1.0 cost=0.1),incremental,1,0.101010101010101,-4.061849792854178,-2.0,False
7,RL high-security (sec=3.0 util=1.0 cost=0.1),incremental,2,0.1515151515151515,-5.623392552505994,-2.0,False
7,RL high-security (sec=3.0 util=1.0 cost=0.1),incremental,3,0.2008978675645342,-7.071743662315746,-2.0,False
7,RL high-security (sec=3.0 util=1.0 cost=0.1),incremental,4,0.2514029180695847,-8.220678864137435,-2.0,False
7,RL high-security (sec=3.0 util=1.0 cost=0.1),incremental,5,0.3019079685746352,-8.678370294521697,-2.0,False
7,RL high-security (sec=3.0 util=1.0 cost=0.1),incremental,6,0.3524130190796857,-9.279234525751377,-2.0,False
7,RL high-security (sec=3.0 util=1.0 cost=0.1),incremental,7,0.4006734006734006,-9.01395219940917,-2.0,False
7,RL high-security (sec=3.0 util=1.0 cost=0.1),incremental,8,0.4511784511784511,-8.495905881748982,-2.0,False
7,RL high-security (sec=3.0 util=1.0 cost=0.1),incremental,9,0.5016835016835017,-7.905660649478556,-2.0,False
7,RL high-security (sec=3.0 util=1.0 cost=0.1),terminal,0,0.0505050505050505,0.0,-2.0,True
7,RL high-security (sec=3.0 util=1.0 cost=0.1),terminal,1,0.101010101010101,0.0,-2.0,True
7,RL high-security (sec=3.0 util=1.0 cost=0.1),terminal,2,0.1515151515151515,0.0,-2.0,True
7,RL high-security (sec=3.0 util=1.0 cost=0.1),terminal,3,0.2008978675645342,0.0,-2.0,True
7,RL high-security (sec=3.0 util=1.0 cost=0.1),terminal,4,0.2514029180695847,0.0,-2.0,True
7,RL high-security (sec=3.0 util=1.0 cost=0.1),terminal,5,0.3019079685746352,0.0,-2.0,True
7,RL high-security (sec=3.0 util=1.0 cost=0.1),terminal,6,0.3524130190796857,0.0,-2.0,True
7,RL high-security (sec=3.0 util=1.0 cost=0.1),terminal,7,0.4006734006734006,0.0,-2.0,True
7,RL high-security (sec=3.0 util=1.0 cost=0.1),terminal,8,0.4511784511784511,0.0,-2.0,True
7,RL high-security (sec=3.0 util=1.0 cost=0.1),terminal,9,0.5016835016835017,0.5902452322704257,-2.0,True
7,RL very-high-security (sec=10.0 util=1.0 cost=0.1),incremental,0,0.0505050505050505,-9.08261933228351,-9.0,False
7,RL very-high-security (sec=10.0 util=1.0 cost=0.1),incremental,1,0.101010101010101,-17.316435336449956,-9.0,False
7,RL very-high-security (sec=10.0 util=1.0 cost=0.1),incremental,2,0.1515151515151515,-23.893560191855,-9.0,False
7,RL very-high-security (sec=10.0 util=1.0 cost=0.1),incremental,3,0.2008978675645342,-30.01490121351788,-9.0,False
7,RL very-high-security (sec=10.0 util=1.0 cost=0.1),incremental,4,0.2514029180695847,-35.06391545060402,-9.0,False
7,RL very-high-security (sec=10.0 util=1.0 cost=0.1),incremental,5,0.3019079685746352,-38.942362876882555,-9.0,False
7,RL very-high-security (sec=10.0 util=1.0 cost=0.1),incremental,6,0.3524130190796857,-42.600011670195386,-9.0,False
7,RL very-high-security (sec=10.0 util=1.0 cost=0.1),incremental,7,0.4006734006734006,-44.3662055253737,-9.0,False
7,RL very-high-security (sec=10.0 util=1.0 cost=0.1),incremental,8,0.4511784511784511,-45.14951124311885,-9.0,False
7,RL very-high-security (sec=10.0 util=1.0 cost=0.1),incremental,9,0.5016835016835017,-45.5592203917365,-9.0,False
7,RL very-high-security (sec=10.0 util=1.0 cost=0.1),terminal,0,0.0505050505050505,0.0,-9.0,True
7,RL very-high-security (sec=10.0 util=1.0 cost=0.1),terminal,1,0.101010101010101,0.0,-9.0,True
7,RL very-high-security (sec=10.0 util=1.0 cost=0.1),terminal,2,0.1515151515151515,0.0,-9.0,True
7,RL very-high-security (sec=10.0 util=1.0 cost=0.1),terminal,3,0.2008978675645342,0.0,-9.0,True
7,RL very-high-security (sec=10.0 util=1.0 cost=0.1),terminal,4,0.2514029180695847,0.0,-9.0,True
7,RL very-high-security (sec=10.0 util=1.0 cost=0.1),terminal,5,0.3019079685746352,0.0,-9.0,True
7,RL very-high-security (sec=10.0 util=1.0 cost=0.1),terminal,6,0.3524130190796857,0.0,-9.0,True
7,RL very-high-security (sec=10.0 util=1.0 cost=0.1),terminal,7,0.4006734006734006,0.0,-9.0,True
7,RL very-high-security (sec=10.0 util=1.0 cost=0.1),terminal,8,0.4511784511784511,0.0,-9.0,True
7,RL very-high-security (sec=10.0 util=1.0 cost=0.1),terminal,9,0.5016835016835017,-0.4097091486176539,-9.0,True
7,RL security-only (sec=1.0 util=0.0 cost=0.1),incremental,0,0.0505050505050505,-1.0128073877738055,-1.0,False
7,RL security-only (sec=1.0 util=0.0 cost=0.1),incremental,1,0.101010101010101,-1.9081586851601466,-1.0,False
7,RL security-only (sec=1.0 util=0.0 cost=0.1),incremental,2,0.1515151515151515,-2.638344655549136,-1.0,False
7,RL security-only (sec=1.0 util=0.0 cost=0.1),incremental,3,0.2008978675645342,-3.3231391238770405,-1.0,False
7,RL security-only (sec=1.0 util=0.0 cost=0.1),incremental,4,0.2514029180695847,-3.9007701965755537,-1.0,False
7,RL security-only (sec=1.0 util=0.0 cost=0.1),incremental,5,0.3019079685746352,-4.41281068765669,-1.0,False
7,RL security-only (sec=1.0 util=0.0 cost=0.1),incremental,6,0.3524130190796857,-4.875399791773327,-1.0,False
7,RL security-only (sec=1.0 util=0.0 cost=0.1),incremental,7,0.4006734006734006,-5.193591192771982,-1.0,False
7,RL security-only (sec=1.0 util=0.0 cost=0.1),incremental,8,0.4511784511784511,-5.40943072666823,-1.0,False
7,RL security-only (sec=1.0 util=0.0 cost=0.1),incremental,9,0.5016835016835017,-5.5838999255898445,-1.0,False
7,RL security-only (sec=1.0 util=0.0 cost=0.1),terminal,0,0.0505050505050505,0.0,-1.0,True
7,RL security-only (sec=1.0 util=0.0 cost=0.1),terminal,1,0.101010101010101,0.0,-1.0,True
7,RL security-only (sec=1.0 util=0.0 cost=0.1),terminal,2,0.1515151515151515,0.0,-1.0,True
7,RL security-only (sec=1.0 util=0.0 cost=0.1),terminal,3,0.2008978675645342,0.0,-1.0,True
7,RL security-only (sec=1.0 util=0.0 cost=0.1),terminal,4,0.2514029180695847,0.0,-1.0,True
7,RL security-only (sec=1.0 util=0.0 cost=0.1),terminal,5,0.3019079685746352,0.0,-1.0,True
7,RL security-only (sec=1.0 util=0.0 cost=0.1),terminal,6,0.3524130190796857,0.0,-1.0,True
7,RL security-only (sec=1.0 util=0.0 cost=0.1),terminal,7,0.4006734006734006,0.0,-1.0,True
7,RL security-only (sec=1.0 util=0.0 cost=0.1),terminal,8,0.4511784511784511,0.0,-1.0,True
7,RL security-only (sec=1.0 util=0.0 cost=0.1),terminal,9,0.5016835016835017,-0.17446919892161442,-1.0,True
8,RL baseline (sec=1.0 util=1.0 cost=0.1),incremental,0,0.0505050505050505,0.25056378241145033,0.0,True
8,RL baseline (sec=1.0 util=1.0 cost=0.1),incremental,1,0.101010101010101,0.17068787824774762,0.0,True
8,RL baseline (sec=1.0 util=1.0 cost=0.1),incremental,2,0.1515151515151515,-0.22879005969765198,0.0,False
8,RL baseline (sec=1.0 util=1.0 cost=0.1),incremental,3,0.2008978675645342,-0.580490634433708,0.0,False
8,RL baseline (sec=1.0 util=1.0 cost=0.1),incremental,4,0.2514029180695847,-0.8606421203869179,0.0,False
8,RL baseline (sec=1.0 util=1.0 cost=0.1),incremental,5,0.3019079685746352,-0.7833837481436611,0.0,False
8,RL baseline (sec=1.0 util=1.0 cost=0.1),incremental,6,0.3524130190796857,-0.6704032312493243,0.0,False
8,RL baseline (sec=1.0 util=1.0 cost=0.1),incremental,7,0.39955106621773284,-0.41908511237959933,0.0,False
8,RL baseline (sec=1.0 util=1.0 cost=0.1),incremental,8,0.45005611672278334,0.01936822520368703,0.0,True
8,RL baseline (sec=1.0 util=1.0 cost=0.1),incremental,9,0.5005611672278338,0.5772691403922101,0.0,True
8,RL baseline (sec=1.0 util=1.0 cost=0.1),terminal,0,0.0505050505050505,0.0,0.0,False
8,RL baseline (sec=1.0 util=1.0 cost=0.1),terminal,1,0.101010101010101,0.0,0.0,False
8,RL baseline (sec=1.0 util=1.0 cost=0.1),terminal,2,0.1515151515151515,0.0,0.0,False
8,RL baseline (sec=1.0 util=1.0 cost=0.1),terminal,3,0.2008978675645342,0.0,0.0,False
8,RL baseline (sec=1.0 util=1.0 cost=0.1),terminal,4,0.2514029180695847,0.0,0.0,False
8,RL baseline (sec=1.0 util=1.0 cost=0.1),terminal,5,0.3019079685746352,0.0,0.0,False
8,RL baseline (sec=1.0 util=1.0 cost=0.1),terminal,6,0.3524130190796857,0.0,0.0,False
8,RL baseline (sec=1.0 util=1.0 cost=0.1),terminal,7,0.39955106621773284,0.0,0.0,False
8,RL baseline (sec=1.0 util=1.0 cost=0.1),terminal,8,0.45005611672278334,0.0,0.0,False
8,RL baseline (sec=1.0 util=1.0 cost=0.1),terminal,9,0.5005611672278338,0.557900915188523,0.0,True
8,RL high-security (sec=3.0 util=1.0 cost=0.1),incremental,0,0.0505050505050505,-1.2382076426646387,-2.0,True
8,RL high-security (sec=3.0 util=1.0 cost=0.1),incremental,1,0.101010101010101,-2.5986434359638277,-2.0,False
8,RL high-security (sec=3.0 util=1.0 cost=0.1),incremental,2,0.1515151515151515,-4.130728764951542,-2.0,False
8,RL high-security (sec=3.0 util=1.0 cost=0.1),incremental,3,0.2008978675645342,-5.494331527319082,-2.0,False
8,RL high-security (sec=3.0 util=1.0 cost=0.1),incremental,4,0.2514029180695847,-6.619634635571528,-2.0,False
8,RL high-security (sec=3.0 util=1.0 cost=0.1),incremental,5,0.3019079685746352,-7.269674517649277,-2.0,False
8,RL high-security (sec=3.0 util=1.0 cost=0.1),incremental,6,0.3524130190796857,-7.761032045221037,-2.0,False
8,RL high-security (sec=3.0 util=1.0 cost=0.1),incremental,7,0.39955106621773284,-8.068613080115089,-2.0,False
8,RL high-security (sec=3.0 util=1.0 cost=0.1),incremental,8,0.45005611672278334,-8.020378645331252,-2.0,False
8,RL high-security (sec=3.0 util=1.0 cost=0.1),incremental,9,0.5005611672278338,-7.796178807069464,-2.0,False
8,RL high-security (sec=3.0 util=1.0 cost=0.1),terminal,0,0.0505050505050505,0.0,-2.0,True
8,RL high-security (sec=3.0 util=1.0 cost=0.1),terminal,1,0.101010101010101,0.0,-2.0,True
8,RL high-security (sec=3.0 util=1.0 cost=0.1),terminal,2,0.1515151515151515,0.0,-2.0,True
8,RL high-security (sec=3.0 util=1.0 cost=0.1),terminal,3,0.2008978675645342,0.0,-2.0,True
8,RL high-security (sec=3.0 util=1.0 cost=0.1),terminal,4,0.2514029180695847,0.0,-2.0,True
8,RL high-security (sec=3.0 util=1.0 cost=0.1),terminal,5,0.3019079685746352,0.0,-2.0,True
8,RL high-security (sec=3.0 util=1.0 cost=0.1),terminal,6,0.3524130190796857,0.0,-2.0,True
8,RL high-security (sec=3.0 util=1.0 cost=0.1),terminal,7,0.39955106621773284,0.0,-2.0,True
8,RL high-security (sec=3.0 util=1.0 cost=0.1),terminal,8,0.45005611672278334,0.0,-2.0,True
8,RL high-security (sec=3.0 util=1.0 cost=0.1),terminal,9,0.5005611672278338,0.22419983826178816,-2.0,True
8,RL very-high-security (sec=10.0 util=1.0 cost=0.1),incremental,0,0.0505050505050505,-6.448907630430952,-9.0,True
8,RL very-high-security (sec=10.0 util=1.0 cost=0.1),incremental,1,0.101010101010101,-12.291303035704342,-9.0,False
8,RL very-high-security (sec=10.0 util=1.0 cost=0.1),incremental,2,0.1515151515151515,-17.787514233340154,-9.0,False
8,RL very-high-security (sec=10.0 util=1.0 cost=0.1),incremental,3,0.2008978675645342,-22.692774652417885,-9.0,False
8,RL very-high-security (sec=10.0 util=1.0 cost=0.1),incremental,4,0.2514029180695847,-26.77610843871766,-9.0,False
8,RL very-high-security (sec=10.0 util=1.0 cost=0.1),incremental,5,0.3019079685746352,-29.97169221091893,-9.0,False
8,RL very-high-security (sec=10.0 util=1.0 cost=0.1),incremental,6,0.3524130190796857,-32.578232894122024,-9.0,False
8,RL very-high-security (sec=10.0 util=1.0 cost=0.1),incremental,7,0.39955106621773284,-34.841960967189294,-9.0,False
8,RL very-high-security (sec=10.0 util=1.0 cost=0.1),incremental,8,0.45005611672278334,-36.159492692203536,-9.0,False
8,RL very-high-security (sec=10.0 util=1.0 cost=0.1),incremental,9,0.5005611672278338,-37.10324662318532,-9.0,False
8,RL very-high-security (sec=10.0 util=1.0 cost=0.1),terminal,0,0.0505050505050505,0.0,-9.0,True
8,RL very-high-security (sec=10.0 util=1.0 cost=0.1),terminal,1,0.101010101010101,0.0,-9.0,True
8,RL very-high-security (sec=10.0 util=1.0 cost=0.1),terminal,2,0.1515151515151515,0.0,-9.0,True
8,RL very-high-security (sec=10.0 util=1.0 cost=0.1),terminal,3,0.2008978675645342,0.0,-9.0,True
8,RL very-high-security (sec=10.0 util=1.0 cost=0.1),terminal,4,0.2514029180695847,0.0,-9.0,True
8,RL very-high-security (sec=10.0 util=1.0 cost=0.1),terminal,5,0.3019079685746352,0.0,-9.0,True
8,RL very-high-security (sec=10.0 util=1.0 cost=0.1),terminal,6,0.3524130190796857,0.0,-9.0,True
8,RL very-high-security (sec=10.0 util=1.0 cost=0.1),terminal,7,0.39955106621773284,0.0,-9.0,True
8,RL very-high-security (sec=10.0 util=1.0 cost=0.1),terminal,8,0.45005611672278334,0.0,-9.0,True
8,RL very-high-security (sec=10.0 util=1.0 cost=0.1),terminal,9,0.5005611672278338,-0.9437539309817837,-9.0,True
8,RL security-only (sec=1.0 util=0.0 cost=0.1),incremental,0,0.0505050505050505,-0.7494362175885497,-1.0,True
8,RL security-only (sec=1.0 util=0.0 cost=0.1),incremental,1,0.101010101010101,-1.3993121217522524,-1.0,False
8,RL security-only (sec=1.0 util=0.0 cost=0.1),incremental,2,0.1515151515151515,-1.979290059697652,-1.0,False
8,RL security-only (sec=1.0 util=0.0 cost=0.1),incremental,3,0.2008978675645342,-2.502465634433708,-1.0,False
8,RL security-only (sec=1.0 util=0.0 cost=0.1),incremental,4,0.2514029180695847,-2.945518370386918,-1.0,False
8,RL security-only (sec=1.0 util=0.0 cost=0.1),incremental,5,0.3019079685746352,-3.3325285606436608,-1.0,False
8,RL security-only (sec=1.0 util=0.0 cost=0.1),incremental,6,0.3524130190796857,-3.660603178124324,-1.0,False
8,RL security-only (sec=1.0 util=0.0 cost=0.1),incremental,7,0.39955106621773284,-3.9679548961295987,-1.0,False
8,RL security-only (sec=1.0 util=0.0 cost=0.1),incremental,8,0.45005611672278334,-4.192921989835375,-1.0,False
8,RL security-only (sec=1.0 util=0.0 cost=0.1),incremental,9,0.5005611672278338,-4.391320366316382,-1.0,False
8,RL security-only (sec=1.0 util=0.0 cost=0.1),terminal,0,0.0505050505050505,0.0,-1.0,True
8,RL security-only (sec=1.0 util=0.0 cost=0.1),terminal,1,0.101010101010101,0.0,-1.0,True
8,RL security-only (sec=1.0 util=0.0 cost=0.1),terminal,2,0.1515151515151515,0.0,-1.0,True
8,RL security-only (sec=1.0 util=0.0 cost=0.1),terminal,3,0.2008978675645342,0.0,-1.0,True
8,RL security-only (sec=1.0 util=0.0 cost=0.1),terminal,4,0.2514029180695847,0.0,-1.0,True
8,RL security-only (sec=1.0 util=0.0 cost=0.1),terminal,5,0.3019079685746352,0.0,-1.0,True
8,RL security-only (sec=1.0 util=0.0 cost=0.1),terminal,6,0.3524130190796857,0.0,-1.0,True
8,RL security-only (sec=1.0 util=0.0 cost=0.1),terminal,7,0.39955106621773284,0.0,-1.0,True
8,RL security-only (sec=1.0 util=0.0 cost=0.1),terminal,8,0.45005611672278334,0.0,-1.0,True
8,RL security-only (sec=1.0 util=0.0 cost=0.1),terminal,9,0.5005611672278338,-0.19839837648100778,-1.0,True
9,RL baseline (sec=1.0 util=1.0 cost=0.1),incremental,0,0.0505050505050505,0.10047005160798197,0.0,True
9,RL baseline (sec=1.0 util=1.0 cost=0.1),incremental,1,0.101010101010101,0.3081547608152824,0.0,True
9,RL baseline (sec=1.0 util=1.0 cost=0.1),incremental,2,0.1515151515151515,0.6343422760306916,0.0,True
9,RL baseline (sec=1.0 util=1.0 cost=0.1),incremental,3,0.2008978675645342,0.9078117741425198,0.0,True
9,RL baseline (sec=1.0 util=1.0 cost=0.1),incremental,4,0.2514029180695847,1.351534912699689,0.0,True
9,RL baseline (sec=1.0 util=1.0 cost=0.1),incremental,5,0.3019079685746352,1.8123227597289147,0.0,True
9,RL baseline (sec=1.0 util=1.0 cost=0.1),incremental,6,0.3524130190796857,2.3793809171228,0.0,True
9,RL baseline (sec=1.0 util=1.0 cost=0.1),incremental,7,0.4006734006734006,3.0625055664035705,0.0,True
9,RL baseline (sec=1.0 util=1.0 cost=0.1),incremental,8,0.4511784511784511,3.7549884641134805,0.0,True
9,RL baseline (sec=1.0 util=1.0 cost=0.1),incremental,9,0.5016835016835017,4.418134667566432,0.0,True
9,RL baseline (sec=1.0 util=1.0 cost=0.1),terminal,0,0.0505050505050505,0.0,0.0,False
9,RL baseline (sec=1.0 util=1.0 cost=0.1),terminal,1,0.101010101010101,0.0,0.0,False
9,RL baseline (sec=1.0 util=1.0 cost=0.1),terminal,2,0.1515151515151515,0.0,0.0,False
9,RL baseline (sec=1.0 util=1.0 cost=0.1),terminal,3,0.2008978675645342,0.0,0.0,False
9,RL baseline (sec=1.0 util=1.0 cost=0.1),terminal,4,0.2514029180695847,0.0,0.0,False
9,RL baseline (sec=1.0 util=1.0 cost=0.1),terminal,5,0.3019079685746352,0.0,0.0,False
9,RL baseline (sec=1.0 util=1.0 cost=0.1),terminal,6,0.3524130190796857,0.0,0.0,False
9,RL baseline (sec=1.0 util=1.0 cost=0.1),terminal,7,0.4006734006734006,0.0,0.0,False
9,RL baseline (sec=1.0 util=1.0 cost=0.1),terminal,8,0.4511784511784511,0.0,0.0,False
9,RL baseline (sec=1.0 util=1.0 cost=0.1),terminal,9,0.5016835016835017,0.6631462034529509,0.0,True
9,RL high-security (sec=3.0 util=1.0 cost=0.1),incremental,0,0.0505050505050505,-1.688488835075044,-2.0,True
9,RL high-security (sec=3.0 util=1.0 cost=0.1),incremental,1,0.101010101010101,-2.946242788261223,-2.0,False
9,RL high-security (sec=3.0 util=1.0 cost=0.1),incremental,2,0.1515151515151515,-3.745331757766511,-2.0,False
9,RL high-security (sec=3.0 util=1.0 cost=0.1),incremental,3,0.2008978675645342,-4.319432634923731,-2.0,False
9,RL high-security (sec=3.0 util=1.0 cost=0.1),incremental,4,0.2514029180695847,-4.5763218696450405,-2.0,False
9,RL high-security (sec=3.0 util=1.0 cost=0.1),incremental,5,0.3019079685746352,-4.694798077364883,-2.0,False
9,RL high-security (sec=3.0 util=1.0 cost=0.1),incremental,6,0.3524130190796857,-4.657026826146328,-2.0,False
9,RL high-security (sec=3.0 util=1.0 cost=0.1),incremental,7,0.4006734006734006,-4.41392463203876,-2.0,False
9,RL high-security (sec=3.0 util=1.0 cost=0.1),incremental,8,0.4511784511784511,-4.0457328884793675,-2.0,False
9,RL high-security (sec=3.0 util=1.0 cost=0.1),incremental,9,0.5016835016835017,-3.673722224558552,-2.0,False
9,RL high-security (sec=3.0 util=1.0 cost=0.1),terminal,0,0.0505050505050505,0.0,-2.0,True
9,RL high-security (sec=3.0 util=1.0 cost=0.1),terminal,1,0.101010101010101,0.0,-2.0,True
9,RL high-security (sec=3.0 util=1.0 cost=0.1),terminal,2,0.1515151515151515,0.0,-2.0,True
9,RL high-security (sec=3.0 util=1.0 cost=0.1),terminal,3,0.2008978675645342,0.0,-2.0,True
9,RL high-security (sec=3.0 util=1.0 cost=0.1),terminal,4,0.2514029180695847,0.0,-2.0,True
9,RL high-security (sec=3.0 util=1.0 cost=0.1),terminal,5,0.3019079685746352,0.0,-2.0,True
9,RL high-security (sec=3.0 util=1.0 cost=0.1),terminal,6,0.3524130190796857,0.0,-2.0,True
9,RL high-security (sec=3.0 util=1.0 cost=0.1),terminal,7,0.4006734006734006,0.0,-2.0,True
9,RL high-security (sec=3.0 util=1.0 cost=0.1),terminal,8,0.4511784511784511,0.0,-2.0,True
9,RL high-security (sec=3.0 util=1.0 cost=0.1),terminal,9,0.5016835016835017,0.37201066392081567,-2.0,True
9,RL very-high-security (sec=10.0 util=1.0 cost=0.1),incremental,0,0.0505050505050505,-7.949844938465635,-9.0,True
9,RL very-high-security (sec=10.0 util=1.0 cost=0.1),incremental,1,0.101010101010101,-14.336634210028993,-9.0,False
9,RL very-high-security (sec=10.0 util=1.0 cost=0.1),incremental,2,0.1515151515151515,-19.07419087605672,-9.0,False
9,RL very-high-security (sec=10.0 util=1.0 cost=0.1),incremental,3,0.2008978675645342,-22.614788066655606,-9.0,False
9,RL very-high-security (sec=10.0 util=1.0 cost=0.1),incremental,4,0.2514029180695847,-25.32382060785159,-9.0,False
9,RL very-high-security (sec=10.0 util=1.0 cost=0.1),incremental,5,0.3019079685746352,-27.469721007193172,-9.0,False
9,RL very-high-security (sec=10.0 util=1.0 cost=0.1),incremental,6,0.3524130190796857,-29.284453927588277,-9.0,False
9,RL very-high-security (sec=10.0 util=1.0 cost=0.1),incremental,7,0.4006734006734006,-30.581430326586915,-9.0,False
9,RL very-high-security (sec=10.0 util=1.0 cost=0.1),incremental,8,0.4511784511784511,-31.348257622554335,-9.0,False
9,RL very-high-security (sec=10.0 util=1.0 cost=0.1),incremental,9,0.5016835016835017,-31.995221346995994,-9.0,False
9,RL very-high-security (sec=10.0 util=1.0 cost=0.1),terminal,0,0.0505050505050505,0.0,-9.0,True
9,RL very-high-security (sec=10.0 util=1.0 cost=0.1),terminal,1,0.101010101010101,0.0,-9.0,True
9,RL very-high-security (sec=10.0 util=1.0 cost=0.1),terminal,2,0.1515151515151515,0.0,-9.0,True
9,RL very-high-security (sec=10.0 util=1.0 cost=0.1),terminal,3,0.2008978675645342,0.0,-9.0,True
9,RL very-high-security (sec=10.0 util=1.0 cost=0.1),terminal,4,0.2514029180695847,0.0,-9.0,True
9,RL very-high-security (sec=10.0 util=1.0 cost=0.1),terminal,5,0.3019079685746352,0.0,-9.0,True
9,RL very-high-security (sec=10.0 util=1.0 cost=0.1),terminal,6,0.3524130190796857,0.0,-9.0,True
9,RL very-high-security (sec=10.0 util=1.0 cost=0.1),terminal,7,0.4006734006734006,0.0,-9.0,True
9,RL very-high-security (sec=10.0 util=1.0 cost=0.1),terminal,8,0.4511784511784511,0.0,-9.0,True
9,RL very-high-security (sec=10.0 util=1.0 cost=0.1),terminal,9,0.5016835016835017,-0.6469637244416578,-9.0,True
9,RL security-only (sec=1.0 util=0.0 cost=0.1),incremental,0,0.0505050505050505,-0.899529948392018,-1.0,True
9,RL security-only (sec=1.0 util=0.0 cost=0.1),incremental,1,0.101010101010101,-1.6418452391847174,-1.0,False
9,RL security-only (sec=1.0 util=0.0 cost=0.1),incremental,2,0.1515151515151515,-2.218157723969308,-1.0,False
9,RL security-only (sec=1.0 util=0.0 cost=0.1),incremental,3,0.2008978675645342,-2.6591673925241466,-1.0,False
9,RL security-only (sec=1.0 util=0.0 cost=0.1),incremental,4,0.2514029180695847,-3.0299505039669774,-1.0,False
9,RL security-only (sec=1.0 util=0.0 cost=0.1),incremental,5,0.3019079685746352,-3.3429435944377515,-1.0,False
9,RL security-only (sec=1.0 util=0.0 cost=0.1),incremental,6,0.3524130190796857,-3.633492642773032,-1.0,False
9,RL security-only (sec=1.0 util=0.0 cost=0.1),incremental,7,0.4006734006734006,-3.881484388283928,-1.0,False
9,RL security-only (sec=1.0 util=0.0 cost=0.1),incremental,8,0.4511784511784511,-4.073562065626101,-1.0,False
9,RL security-only (sec=1.0 util=0.0 cost=0.1),incremental,9,0.5016835016835017,-4.250748408472629,-1.0,False
9,RL security-only (sec=1.0 util=0.0 cost=0.1),terminal,0,0.0505050505050505,0.0,-1.0,True
9,RL security-only (sec=1.0 util=0.0 cost=0.1),terminal,1,0.101010101010101,0.0,-1.0,True
9,RL security-only (sec=1.0 util=0.0 cost=0.1),terminal,2,0.1515151515151515,0.0,-1.0,True
9,RL security-only (sec=1.0 util=0.0 cost=0.1),terminal,3,0.2008978675645342,0.0,-1.0,True
9,RL security-only (sec=1.0 util=0.0 cost=0.1),terminal,4,0.2514029180695847,0.0,-1.0,True
9,RL security-only (sec=1.0 util=0.0 cost=0.1),terminal,5,0.3019079685746352,0.0,-1.0,True
9,RL security-only (sec=1.0 util=0.0 cost=0.1),terminal,6,0.3524130190796857,0.0,-1.0,True
9,RL security-only (sec=1.0 util=0.0 cost=0.1),terminal,7,0.4006734006734006,0.0,-1.0,True
9,RL security-only (sec=1.0 util=0.0 cost=0.1),terminal,8,0.4511784511784511,0.0,-1.0,True
9,RL security-only (sec=1.0 util=0.0 cost=0.1),terminal,9,0.5016835016835017,-0.17718634284652784,-1.0,True
